{
   "pylade" : {
      "p6" : 0,
      "player" : "pylade",
      "ave_score" : 10808010008,
      "p3" : 0,
      "p8" : 1,
      "p12" : 1,
      "p1" : 0,
      "p4" : 0,
      "ave_fia" : 4,
      "total" : 10808010008,
      "fia_total" : 4,
      "p2" : 0,
      "p5" : 0,
      "played" : 1,
      "p14" : 1
   },
   "ggp1" : {
      "ave_fia" : 16.5,
      "p4" : 0,
      "p1" : 1,
      "player" : "ggp1",
      "p6" : 1,
      "p3" : 0,
      "ave_score" : 43740043501,
      "played" : 3,
      "p5" : 0,
      "p2" : 1,
      "fia_total" : 49.5,
      "total" : 131220130503
   },
   "bware" : {
      "p3" : 0,
      "ave_score" : 43737363366.6667,
      "player" : "bware",
      "p6" : 0,
      "p4" : 0,
      "ave_fia" : 8.16666666666667,
      "p7" : 1,
      "p1" : 0,
      "p9" : 1,
      "played" : 3,
      "p2" : 1,
      "p5" : 0,
      "fia_total" : 24.5,
      "total" : 131212090100
   },
   "bill" : {
      "p9" : 1,
      "p2" : 0,
      "p5" : 0,
      "played" : 3,
      "total" : 91308130811,
      "fia_total" : 8,
      "p6" : 0,
      "player" : "bill",
      "ave_score" : 30436043603.6667,
      "p3" : 0,
      "p7" : 1,
      "p4" : 0,
      "p10" : 1,
      "ave_fia" : 2.66666666666667,
      "p1" : 0
   },
   "joe" : {
      "p4" : 1,
      "ave_fia" : 18.5,
      "p12" : 1,
      "p1" : 1,
      "p3" : 0,
      "ave_score" : 40406005200,
      "player" : "joe",
      "p6" : 0,
      "played" : 2,
      "p5" : 0,
      "p2" : 0,
      "fia_total" : 37,
      "total" : 80812010400
   },
   "hobbes" : {
      "p5" : 1,
      "p2" : 1,
      "played" : 3,
      "total" : 91220090410,
      "fia_total" : 28,
      "p6" : 0,
      "player" : "hobbes",
      "ave_score" : 30406696803.3333,
      "p3" : 0,
      "p4" : 0,
      "ave_fia" : 9.33333333333333,
      "p1" : 0,
      "p12" : 1
   },
   "nl" : {
      "p2" : 0,
      "p5" : 0,
      "played" : 2,
      "total" : 91602080816,
      "fia_total" : 25,
      "ave_fia" : 12.5,
      "p4" : 0,
      "p1" : 1,
      "p11" : 1,
      "ave_score" : 45801040408,
      "p3" : 0,
      "p6" : 0,
      "p13" : 1,
      "player" : "nl"
   },
   "winston" : {
      "p4" : 0,
      "ave_fia" : 9,
      "p1" : 0,
      "player" : "winston",
      "p6" : 0,
      "p3" : 0,
      "ave_score" : 40408000401,
      "played" : 1,
      "p14" : 2,
      "p5" : 1,
      "p2" : 0,
      "fia_total" : 9,
      "total" : 40408000401
   },
   "leo" : {
      "p9" : 1,
      "fia_total" : 18,
      "total" : 100606140014,
      "played" : 3,
      "p5" : 0,
      "p2" : 0,
      "p3" : 0,
      "ave_score" : 33535380004.6667,
      "player" : "leo",
      "p6" : 0,
      "p8" : 1,
      "p1" : 0,
      "ave_fia" : 6,
      "p4" : 1
   },
   "karl" : {
      "p1" : 0,
      "p10" : 2,
      "ave_fia" : 3.66666666666667,
      "p4" : 0,
      "p6" : 0,
      "player" : "karl",
      "ave_score" : 24004013733.6667,
      "p3" : 0,
      "total" : 72012041201,
      "fia_total" : 11,
      "p5" : 1,
      "p2" : 0,
      "played" : 3
   },
   "f1ung" : {
      "ave_score" : 40339336801.3333,
      "p3" : 1,
      "p6" : 1,
      "player" : "f1ung",
      "p1" : 0,
      "p4" : 1,
      "ave_fia" : 11.6666666666667,
      "total" : 121018010404,
      "fia_total" : 35,
      "p2" : 0,
      "p5" : 0,
      "played" : 3
   },
   "tlb" : {
      "fia_total" : 38,
      "total" : 121016090818,
      "played" : 3,
      "p2" : 1,
      "p5" : 0,
      "p1" : 0,
      "p7" : 1,
      "ave_fia" : 12.6666666666667,
      "p4" : 0,
      "player" : "tlb",
      "p6" : 0,
      "p3" : 1,
      "ave_score" : 40338696939.3333
   },
   "iceman" : {
      "p11" : 1,
      "p1" : 0,
      "p7" : 1,
      "ave_fia" : 5.33333333333333,
      "p4" : 0,
      "p6" : 0,
      "player" : "iceman",
      "ave_score" : 17206683500,
      "p3" : 0,
      "total" : 51620050500,
      "fia_total" : 16,
      "p5" : 1,
      "p2" : 0,
      "played" : 3
   },
   "ray" : {
      "ave_fia" : 0,
      "p4" : 0,
      "p11" : 1,
      "p1" : 0,
      "p6" : 0,
      "p13" : 2,
      "player" : "ray",
      "ave_score" : 400020100,
      "p3" : 0,
      "p5" : 0,
      "p2" : 0,
      "played" : 1,
      "total" : 400020100,
      "fia_total" : 0
   }
}
