{
   "ray" : {
      "played" : 1,
      "p5" : 0,
      "p6" : 0,
      "p11" : 1,
      "player" : "ray",
      "ave_fia" : 0,
      "p3" : 0,
      "total" : 95,
      "p4" : 0,
      "p2" : 0,
      "fia_total" : 0,
      "p1" : 0,
      "ave_score" : 95,
      "p13" : 2
   },
   "tlb" : {
      "player" : "tlb",
      "p1" : 0,
      "ave_score" : 108.333333333333,
      "p2" : 1,
      "fia_total" : 37.5,
      "p4" : 0,
      "total" : 325,
      "ave_fia" : 12.5,
      "p3" : 1,
      "p6" : 0,
      "played" : 3,
      "p5" : 1
   },
   "iceman" : {
      "played" : 3,
      "p5" : 1,
      "ave_fia" : 4.66666666666667,
      "p3" : 0,
      "p6" : 0,
      "p4" : 0,
      "total" : 305,
      "player" : "iceman",
      "ave_score" : 101.666666666667,
      "p1" : 0,
      "p2" : 0,
      "p8" : 2,
      "fia_total" : 14
   },
   "leo" : {
      "ave_score" : 106,
      "p1" : 1,
      "player" : "leo",
      "p2" : 0,
      "fia_total" : 33.5,
      "p4" : 0,
      "total" : 318,
      "p3" : 0,
      "ave_fia" : 11.1666666666667,
      "p6" : 0,
      "p7" : 2,
      "p5" : 0,
      "played" : 3
   },
   "bware" : {
      "p6" : 0,
      "p5" : 0,
      "played" : 3,
      "p10" : 1,
      "player" : "bware",
      "p9" : 1,
      "p3" : 1,
      "ave_fia" : 6,
      "ave_score" : 100,
      "p1" : 0,
      "fia_total" : 18,
      "p2" : 0,
      "p4" : 0,
      "total" : 300
   },
   "bill" : {
      "played" : 3,
      "p5" : 0,
      "p6" : 0,
      "ave_fia" : 6.27777777777778,
      "p3" : 0,
      "p9" : 1,
      "total" : 315,
      "p4" : 0,
      "fia_total" : 18.8333333333333,
      "p2" : 1,
      "player" : "bill",
      "p10" : 1,
      "p1" : 0,
      "ave_score" : 105
   },
   "f1ung" : {
      "fia_total" : 12.8333333333333,
      "p2" : 0,
      "player" : "f1ung",
      "p1" : 0,
      "ave_score" : 101.333333333333,
      "p10" : 2,
      "total" : 304,
      "p4" : 1,
      "p6" : 0,
      "ave_fia" : 4.27777777777778,
      "p3" : 0,
      "played" : 3,
      "p5" : 0
   },
   "karl" : {
      "player" : "karl",
      "ave_score" : 105.666666666667,
      "p1" : 0,
      "p2" : 0,
      "fia_total" : 24,
      "p4" : 0,
      "total" : 317,
      "ave_fia" : 8,
      "p3" : 0,
      "p6" : 0,
      "played" : 3,
      "p5" : 3
   },
   "ggp1" : {
      "total" : 316,
      "p4" : 0,
      "p2" : 0,
      "fia_total" : 47,
      "ave_score" : 105.333333333333,
      "p10" : 1,
      "p1" : 2,
      "player" : "ggp1",
      "p5" : 0,
      "played" : 3,
      "p6" : 0,
      "p3" : 0,
      "ave_fia" : 15.6666666666667
   },
   "joe" : {
      "p12" : 1,
      "p3" : 0,
      "ave_fia" : 12,
      "total" : 213,
      "p4" : 2,
      "p2" : 0,
      "fia_total" : 24,
      "p1" : 0,
      "ave_score" : 106.5,
      "p5" : 0,
      "played" : 2,
      "p6" : 0,
      "player" : "joe"
   },
   "hobbes" : {
      "total" : 319,
      "p4" : 0,
      "p2" : 1,
      "fia_total" : 27.3333333333333,
      "player" : "hobbes",
      "p1" : 0,
      "ave_score" : 106.333333333333,
      "p10" : 1,
      "played" : 3,
      "p5" : 1,
      "p6" : 0,
      "ave_fia" : 9.11111111111111,
      "p3" : 0
   },
   "nl" : {
      "total" : 216,
      "p4" : 0,
      "p2" : 0,
      "fia_total" : 31,
      "ave_score" : 108,
      "p13" : 1,
      "p1" : 1,
      "player" : "nl",
      "p5" : 1,
      "played" : 2,
      "p6" : 0,
      "p3" : 0,
      "ave_fia" : 15.5
   },
   "winston" : {
      "ave_score" : 108,
      "p1" : 0,
      "player" : "winston",
      "p2" : 0,
      "fia_total" : 9,
      "p4" : 0,
      "total" : 108,
      "p3" : 0,
      "ave_fia" : 9,
      "p6" : 0,
      "p14" : 2,
      "p5" : 1,
      "played" : 1
   },
   "pylade" : {
      "total" : 103,
      "p4" : 0,
      "fia_total" : 6,
      "p2" : 0,
      "p1" : 0,
      "ave_score" : 103,
      "p14" : 1,
      "p12" : 1,
      "p3" : 0,
      "ave_fia" : 6,
      "player" : "pylade",
      "p5" : 1,
      "played" : 1,
      "p6" : 0
   }
}
