{
   "hobbes" : {
      "p5" : 0,
      "p4" : 1,
      "fia_total" : 33.8333333333333,
      "player" : "hobbes",
      "p2" : 0,
      "played" : 3,
      "total" : 50,
      "p1" : 1,
      "p6" : 0,
      "p10" : 1,
      "ave_fia" : 11.2777777777778,
      "ave_score" : 16.6666666666667,
      "p3" : 0
   },
   "ggp1" : {
      "fia_total" : 51.75,
      "p4" : 0,
      "p5" : 0,
      "player" : "ggp1",
      "played" : 3,
      "p2" : 2,
      "total" : 85,
      "ave_score" : 28.3333333333333,
      "ave_fia" : 17.25,
      "p1" : 1,
      "p6" : 0,
      "p3" : 0
   },
   "f1ung" : {
      "total" : 30,
      "ave_score" : 10,
      "p1" : 0,
      "p6" : 0,
      "p10" : 1,
      "ave_fia" : 4.23333333333333,
      "p3" : 1,
      "p4" : 0,
      "fia_total" : 12.7,
      "p5" : 0,
      "player" : "f1ung",
      "p9" : 1,
      "p2" : 0,
      "played" : 3
   },
   "joe" : {
      "total" : 15,
      "ave_score" : 7.5,
      "p10" : 1,
      "p6" : 0,
      "p1" : 0,
      "ave_fia" : 2.16666666666667,
      "p3" : 0,
      "p8" : 1,
      "p4" : 0,
      "fia_total" : 4.33333333333333,
      "p5" : 0,
      "player" : "joe",
      "p2" : 0,
      "p12" : 1,
      "played" : 2
   },
   "iceman" : {
      "p3" : 1,
      "total" : 48,
      "ave_fia" : 8.15,
      "p6" : 0,
      "p1" : 0,
      "p10" : 1,
      "ave_score" : 16,
      "played" : 3,
      "p2" : 1,
      "p5" : 0,
      "fia_total" : 24.45,
      "p4" : 0,
      "player" : "iceman"
   },
   "pylade" : {
      "total" : 41,
      "ave_fia" : 25,
      "p6" : 0,
      "p1" : 1,
      "ave_score" : 41,
      "p3" : 0,
      "p5" : 0,
      "fia_total" : 25,
      "p4" : 0,
      "p14" : 1,
      "player" : "pylade",
      "played" : 1,
      "p2" : 0,
      "p12" : 1
   },
   "leo" : {
      "ave_score" : 6.66666666666667,
      "p1" : 0,
      "p6" : 0,
      "p10" : 1,
      "ave_fia" : 1.77777777777778,
      "total" : 20,
      "p3" : 0,
      "player" : "leo",
      "p9" : 1,
      "p8" : 1,
      "p4" : 0,
      "fia_total" : 5.33333333333333,
      "p5" : 0,
      "p2" : 0,
      "played" : 3
   },
   "nl" : {
      "p2" : 0,
      "played" : 2,
      "p13" : 1,
      "player" : "nl",
      "p5" : 0,
      "p4" : 0,
      "fia_total" : 33,
      "p3" : 0,
      "p6" : 1,
      "p1" : 1,
      "ave_fia" : 16.5,
      "ave_score" : 43.5,
      "total" : 87
   },
   "bware" : {
      "total" : 58,
      "p10" : 1,
      "p6" : 0,
      "p1" : 0,
      "ave_fia" : 10.25,
      "ave_score" : 19.3333333333333,
      "p3" : 0,
      "p5" : 0,
      "p4" : 0,
      "fia_total" : 30.75,
      "player" : "bware",
      "p2" : 2,
      "played" : 3
   },
   "ray" : {
      "ave_fia" : 0.5,
      "p10" : 1,
      "p6" : 0,
      "p1" : 0,
      "ave_score" : 0,
      "total" : 0,
      "p3" : 0,
      "p13" : 2,
      "player" : "ray",
      "p5" : 0,
      "fia_total" : 0.5,
      "p4" : 0,
      "played" : 1,
      "p2" : 0
   },
   "bill" : {
      "p6" : 0,
      "p1" : 0,
      "ave_fia" : 8.25,
      "ave_score" : 21,
      "total" : 63,
      "p3" : 0,
      "player" : "bill",
      "p5" : 1,
      "p4" : 0,
      "p8" : 1,
      "fia_total" : 24.75,
      "p2" : 1,
      "played" : 3
   },
   "karl" : {
      "fia_total" : 22.2,
      "p8" : 1,
      "p4" : 0,
      "p5" : 1,
      "player" : "karl",
      "played" : 3,
      "p2" : 0,
      "total" : 51,
      "ave_score" : 17,
      "ave_fia" : 7.4,
      "p1" : 0,
      "p6" : 0,
      "p3" : 1
   },
   "winston" : {
      "total" : 15,
      "ave_score" : 15,
      "ave_fia" : 10.2,
      "p1" : 0,
      "p6" : 0,
      "p3" : 1,
      "fia_total" : 10.2,
      "p4" : 0,
      "p5" : 0,
      "p14" : 2,
      "player" : "winston",
      "played" : 1,
      "p2" : 0
   },
   "tlb" : {
      "p4" : 0,
      "fia_total" : 24.2,
      "p5" : 1,
      "player" : "tlb",
      "p7" : 1,
      "p2" : 0,
      "played" : 3,
      "total" : 56,
      "ave_score" : 18.6666666666667,
      "p6" : 0,
      "p1" : 0,
      "ave_fia" : 8.06666666666667,
      "p3" : 1
   }
}
