{
   "hobbes" : {
      "ave_fia" : 20,
      "played" : 2,
      "p5" : 0,
      "fia_total" : 40,
      "ave_score" : 36.5,
      "p1" : 1,
      "total" : 73,
      "p6" : 0,
      "p3" : 0,
      "p2" : 1,
      "p4" : 0,
      "player" : "hobbes"
   },
   "iceman" : {
      "fia_total" : 12.4285714285714,
      "ave_score" : 17.5,
      "ave_fia" : 6.21428571428571,
      "p5" : 1,
      "played" : 2,
      "p2" : 0,
      "player" : "iceman",
      "p4" : 0,
      "p6" : 1,
      "total" : 35,
      "p1" : 0,
      "p3" : 0
   },
   "nl" : {
      "ave_score" : 25,
      "fia_total" : 2.33333333333333,
      "ave_fia" : 2.33333333333333,
      "p5" : 0,
      "played" : 1,
      "p2" : 0,
      "player" : "nl",
      "p4" : 0,
      "p8" : 1,
      "p6" : 0,
      "total" : 25,
      "p1" : 0,
      "p3" : 0,
      "p13" : 1
   },
   "joe" : {
      "played" : 1,
      "p5" : 1,
      "ave_fia" : 4.42857142857143,
      "fia_total" : 4.42857142857143,
      "ave_score" : 0,
      "p3" : 0,
      "p12" : 1,
      "p1" : 0,
      "p6" : 0,
      "total" : 0,
      "p4" : 0,
      "player" : "joe",
      "p2" : 0
   },
   "karl" : {
      "ave_fia" : 14.7142857142857,
      "p5" : 1,
      "played" : 2,
      "fia_total" : 29.4285714285714,
      "ave_score" : 26.5,
      "total" : 53,
      "p6" : 0,
      "p1" : 1,
      "p3" : 0,
      "p2" : 0,
      "player" : "karl",
      "p4" : 0
   },
   "leo" : {
      "p5" : 1,
      "played" : 2,
      "ave_fia" : 3.38095238095238,
      "fia_total" : 6.76190476190476,
      "ave_score" : 12.5,
      "p3" : 0,
      "total" : 25,
      "p6" : 0,
      "p1" : 0,
      "player" : "leo",
      "p4" : 0,
      "p8" : 1,
      "p2" : 0
   },
   "bware" : {
      "played" : 2,
      "p5" : 1,
      "ave_fia" : 11,
      "fia_total" : 22,
      "ave_score" : 24.5,
      "p3" : 0,
      "p1" : 0,
      "p6" : 0,
      "total" : 49,
      "p4" : 1,
      "player" : "bware",
      "p2" : 0
   },
   "bill" : {
      "fia_total" : 19.4285714285714,
      "ave_score" : 21.5,
      "ave_fia" : 9.71428571428572,
      "played" : 2,
      "p5" : 1,
      "p2" : 1,
      "player" : "bill",
      "p4" : 0,
      "p1" : 0,
      "p6" : 0,
      "total" : 43,
      "p3" : 0
   },
   "winston" : {
      "p14" : 2,
      "player" : "winston",
      "p4" : 0,
      "p2" : 0,
      "p3" : 0,
      "p1" : 0,
      "total" : 0,
      "p6" : 0,
      "ave_score" : 0,
      "fia_total" : 0,
      "played" : 0,
      "p5" : 0,
      "ave_fia" : 0
   },
   "tlb" : {
      "played" : 2,
      "p5" : 1,
      "ave_fia" : 5.21428571428571,
      "p7" : 1,
      "fia_total" : 10.4285714285714,
      "ave_score" : 13.5,
      "p3" : 0,
      "p1" : 0,
      "total" : 27,
      "p6" : 0,
      "p4" : 0,
      "player" : "tlb",
      "p2" : 0
   },
   "f1ung" : {
      "p2" : 1,
      "p4" : 0,
      "player" : "f1ung",
      "p1" : 0,
      "p12" : 1,
      "p6" : 0,
      "total" : 43,
      "p3" : 0,
      "fia_total" : 15,
      "ave_score" : 43,
      "ave_fia" : 15,
      "played" : 1,
      "p5" : 0
   },
   "ray" : {
      "fia_total" : 18,
      "ave_score" : 25,
      "p5" : 0,
      "played" : 1,
      "ave_fia" : 18,
      "player" : "ray",
      "p4" : 0,
      "p2" : 1,
      "p3" : 0,
      "p13" : 1,
      "p6" : 0,
      "total" : 25,
      "p1" : 0
   },
   "pylade" : {
      "ave_fia" : 2.21428571428571,
      "played" : 2,
      "p5" : 1,
      "p11" : 1,
      "ave_score" : 11,
      "fia_total" : 4.42857142857143,
      "p1" : 0,
      "total" : 22,
      "p6" : 0,
      "p3" : 0,
      "p2" : 0,
      "p4" : 0,
      "player" : "pylade"
   },
   "ggp1" : {
      "p5" : 0,
      "played" : 2,
      "ave_fia" : 8.66666666666667,
      "fia_total" : 17.3333333333333,
      "ave_score" : 21.5,
      "p3" : 1,
      "total" : 43,
      "p6" : 0,
      "p1" : 0,
      "p4" : 0,
      "player" : "ggp1",
      "p8" : 1,
      "p2" : 0
   }
}
