{
   "ggp1" : {
      "player" : "ggp1",
      "p7" : 1,
      "total" : 10100000000,
      "p1" : 0,
      "p2" : 0,
      "played" : 2,
      "ave_fia" : 9.5,
      "fia_total" : 19,
      "p6" : 0,
      "p5" : 0,
      "ave_score" : 5050000000,
      "p4" : 0,
      "p3" : 1
   },
   "ray" : {
      "p2" : 0,
      "total" : 10000000000,
      "p13" : 1,
      "player" : "ray",
      "p1" : 1,
      "fia_total" : 25,
      "ave_fia" : 25,
      "p3" : 0,
      "p4" : 0,
      "ave_score" : 10000000000,
      "p5" : 0,
      "p6" : 0,
      "played" : 1
   },
   "iceman" : {
      "p2" : 0,
      "total" : 10000000100,
      "player" : "iceman",
      "p1" : 0,
      "fia_total" : 12.4285714285714,
      "ave_fia" : 6.21428571428571,
      "p3" : 0,
      "p4" : 0,
      "ave_score" : 5000000050,
      "p6" : 1,
      "p5" : 1,
      "played" : 2
   },
   "karl" : {
      "ave_score" : 5050000050,
      "p4" : 0,
      "p3" : 0,
      "p6" : 0,
      "p5" : 1,
      "fia_total" : 29.4285714285714,
      "ave_fia" : 14.7142857142857,
      "played" : 2,
      "p2" : 0,
      "p1" : 1,
      "total" : 10100000100,
      "player" : "karl"
   },
   "winston" : {
      "p3" : 0,
      "ave_score" : 0,
      "p4" : 0,
      "p5" : 0,
      "p6" : 0,
      "fia_total" : 0,
      "ave_fia" : 0,
      "played" : 0,
      "p2" : 0,
      "p1" : 0,
      "p14" : 2,
      "total" : 0,
      "player" : "winston"
   },
   "pylade" : {
      "p2" : 0,
      "p1" : 0,
      "total" : 10100,
      "player" : "pylade",
      "p11" : 1,
      "p4" : 0,
      "ave_score" : 5050,
      "p3" : 0,
      "p6" : 0,
      "p5" : 1,
      "fia_total" : 4.42857142857143,
      "ave_fia" : 2.21428571428571,
      "played" : 2
   },
   "leo" : {
      "played" : 2,
      "p3" : 0,
      "ave_score" : 5000000000,
      "p4" : 0,
      "p6" : 0,
      "p5" : 1,
      "fia_total" : 8.42857142857143,
      "ave_fia" : 4.21428571428571,
      "p1" : 0,
      "total" : 10000000000,
      "player" : "leo",
      "p7" : 1,
      "p2" : 0
   },
   "tlb" : {
      "p2" : 0,
      "player" : "tlb",
      "total" : 1010000,
      "p10" : 1,
      "p1" : 0,
      "ave_fia" : 2.71428571428571,
      "fia_total" : 5.42857142857143,
      "p5" : 1,
      "p6" : 0,
      "ave_score" : 505000,
      "p4" : 0,
      "p3" : 0,
      "played" : 2
   },
   "bware" : {
      "p1" : 0,
      "player" : "bware",
      "total" : 10000020000,
      "p2" : 0,
      "played" : 2,
      "p6" : 0,
      "p5" : 1,
      "p4" : 1,
      "ave_score" : 5000010000,
      "p3" : 0,
      "ave_fia" : 11,
      "fia_total" : 22
   },
   "hobbes" : {
      "p5" : 0,
      "p6" : 0,
      "ave_score" : 5100005000,
      "p4" : 0,
      "p3" : 0,
      "ave_fia" : 16.5,
      "fia_total" : 33,
      "played" : 2,
      "p2" : 2,
      "p1" : 0,
      "player" : "hobbes",
      "total" : 10200010000
   },
   "joe" : {
      "played" : 1,
      "p12" : 1,
      "ave_fia" : 4.42857142857143,
      "fia_total" : 4.42857142857143,
      "p6" : 0,
      "p5" : 1,
      "ave_score" : 0,
      "p4" : 0,
      "p3" : 0,
      "player" : "joe",
      "total" : 0,
      "p1" : 0,
      "p2" : 0
   },
   "f1ung" : {
      "p12" : 1,
      "played" : 1,
      "p6" : 0,
      "p5" : 0,
      "ave_score" : 10100000000,
      "p4" : 0,
      "p3" : 0,
      "ave_fia" : 15,
      "fia_total" : 15,
      "p1" : 0,
      "player" : "f1ung",
      "total" : 10100000000,
      "p2" : 1
   },
   "nl" : {
      "p2" : 0,
      "total" : 10000000000,
      "player" : "nl",
      "p13" : 1,
      "p7" : 1,
      "p1" : 0,
      "fia_total" : 4,
      "ave_fia" : 4,
      "p4" : 0,
      "ave_score" : 10000000000,
      "p3" : 0,
      "p6" : 0,
      "p5" : 0,
      "played" : 1
   },
   "bill" : {
      "player" : "bill",
      "total" : 10100000000,
      "p1" : 0,
      "p2" : 1,
      "played" : 2,
      "ave_fia" : 9.71428571428572,
      "fia_total" : 19.4285714285714,
      "p5" : 1,
      "p6" : 0,
      "p4" : 0,
      "ave_score" : 5050000000,
      "p3" : 0
   }
}
