{
   "winston" : {
      "p4" : 0,
      "p3" : 1,
      "total" : 1,
      "p6" : 0,
      "p5" : 0,
      "player" : "winston",
      "fia_total" : 8.14285714285714,
      "ave_score" : 1,
      "ave_fia" : 8.14285714285714,
      "played" : 1,
      "p14" : 2,
      "p1" : 0,
      "p2" : 0
   },
   "hobbes" : {
      "p2" : 1,
      "p1" : 1,
      "played" : 3,
      "player" : "hobbes",
      "p5" : 0,
      "fia_total" : 36.8333333333333,
      "ave_score" : 1.33333333333333,
      "ave_fia" : 12.2777777777778,
      "p6" : 0,
      "p3" : 0,
      "p4" : 0,
      "total" : 4,
      "p10" : 1
   },
   "ggp1" : {
      "p2" : 1,
      "p1" : 1,
      "played" : 3,
      "fia_total" : 39,
      "p5" : 1,
      "player" : "ggp1",
      "ave_fia" : 13,
      "ave_score" : 1.66666666666667,
      "p6" : 0,
      "total" : 5,
      "p4" : 0,
      "p3" : 0
   },
   "bill" : {
      "p3" : 1,
      "p4" : 0,
      "total" : 5,
      "p6" : 0,
      "played" : 3,
      "fia_total" : 34.6428571428571,
      "p5" : 0,
      "player" : "bill",
      "ave_score" : 1.66666666666667,
      "ave_fia" : 11.547619047619,
      "p2" : 2,
      "p1" : 0
   },
   "karl" : {
      "p6" : 0,
      "p8" : 1,
      "p3" : 1,
      "p4" : 0,
      "total" : 3,
      "p1" : 0,
      "p2" : 0,
      "ave_score" : 1,
      "ave_fia" : 5.71428571428571,
      "fia_total" : 17.1428571428571,
      "player" : "karl",
      "p5" : 1,
      "played" : 3
   },
   "pylade" : {
      "p1" : 1,
      "p14" : 1,
      "p2" : 0,
      "ave_fia" : 25,
      "ave_score" : 3,
      "p5" : 0,
      "p12" : 1,
      "fia_total" : 25,
      "player" : "pylade",
      "played" : 1,
      "p6" : 0,
      "total" : 3,
      "p3" : 0,
      "p4" : 0
   },
   "nl" : {
      "p5" : 0,
      "player" : "nl",
      "fia_total" : 36.5,
      "ave_score" : 3,
      "ave_fia" : 18.25,
      "played" : 2,
      "p1" : 1,
      "p2" : 1,
      "p13" : 1,
      "p4" : 0,
      "p3" : 0,
      "total" : 6,
      "p6" : 0
   },
   "leo" : {
      "p2" : 0,
      "p1" : 0,
      "played" : 3,
      "ave_score" : 0.666666666666667,
      "ave_fia" : 4.82539682539683,
      "player" : "leo",
      "fia_total" : 14.4761904761905,
      "p5" : 1,
      "p6" : 0,
      "p10" : 1,
      "p3" : 1,
      "p4" : 0,
      "total" : 2
   },
   "bware" : {
      "p6" : 0,
      "total" : 3,
      "p4" : 0,
      "p3" : 0,
      "p10" : 1,
      "p2" : 1,
      "p1" : 0,
      "played" : 3,
      "fia_total" : 18,
      "player" : "bware",
      "p5" : 1,
      "ave_fia" : 6,
      "ave_score" : 1
   },
   "f1ung" : {
      "p10" : 1,
      "p4" : 0,
      "p3" : 1,
      "total" : 2,
      "p8" : 1,
      "p6" : 0,
      "played" : 3,
      "ave_score" : 0.666666666666667,
      "ave_fia" : 3.88095238095238,
      "player" : "f1ung",
      "p5" : 0,
      "fia_total" : 11.6428571428571,
      "p2" : 0,
      "p1" : 0
   },
   "iceman" : {
      "total" : 3,
      "p3" : 1,
      "p4" : 0,
      "p10" : 1,
      "p6" : 0,
      "played" : 3,
      "p5" : 0,
      "player" : "iceman",
      "fia_total" : 20.1428571428571,
      "ave_fia" : 6.71428571428571,
      "ave_score" : 1,
      "p2" : 1,
      "p1" : 0
   },
   "joe" : {
      "p1" : 0,
      "p2" : 0,
      "ave_fia" : 3.16666666666667,
      "ave_score" : 0.5,
      "fia_total" : 6.33333333333333,
      "p5" : 1,
      "p12" : 1,
      "player" : "joe",
      "played" : 2,
      "p6" : 0,
      "p10" : 1,
      "total" : 1,
      "p4" : 0,
      "p3" : 0
   },
   "tlb" : {
      "player" : "tlb",
      "fia_total" : 34.6428571428571,
      "p5" : 0,
      "ave_score" : 1.66666666666667,
      "ave_fia" : 11.547619047619,
      "played" : 3,
      "p1" : 0,
      "p2" : 2,
      "p3" : 1,
      "p4" : 0,
      "total" : 5,
      "p6" : 0
   },
   "ray" : {
      "p6" : 0,
      "p10" : 1,
      "total" : 0,
      "p4" : 0,
      "p3" : 0,
      "p13" : 2,
      "p1" : 0,
      "p2" : 0,
      "ave_fia" : 0.5,
      "ave_score" : 0,
      "player" : "ray",
      "p5" : 0,
      "fia_total" : 0.5,
      "played" : 1
   }
}
