{
   "iceman" : {
      "p5" : 0,
      "player" : "iceman",
      "p6" : 0,
      "fia_total" : 24.45,
      "p1" : 0,
      "p10" : 1,
      "p2" : 1,
      "p3" : 1,
      "total" : 102000000,
      "ave_score" : 34000000,
      "played" : 3,
      "ave_fia" : 8.15,
      "p4" : 0
   },
   "ray" : {
      "ave_fia" : 0.5,
      "p13" : 2,
      "p4" : 0,
      "p6" : 0,
      "fia_total" : 0.5,
      "player" : "ray",
      "p5" : 0,
      "played" : 1,
      "ave_score" : 0,
      "p10" : 1,
      "p1" : 0,
      "p3" : 0,
      "total" : 0,
      "p2" : 0
   },
   "ggp1" : {
      "ave_fia" : 17.25,
      "p4" : 0,
      "p5" : 0,
      "player" : "ggp1",
      "p6" : 0,
      "fia_total" : 51.75,
      "p1" : 1,
      "p2" : 2,
      "p3" : 0,
      "total" : 10102010000,
      "ave_score" : 3367336666.66667,
      "played" : 3
   },
   "f1ung" : {
      "p9" : 1,
      "played" : 3,
      "ave_score" : 666666.666666667,
      "p3" : 1,
      "total" : 2000000,
      "p2" : 0,
      "p10" : 1,
      "p1" : 0,
      "fia_total" : 12.7,
      "p6" : 0,
      "player" : "f1ung",
      "p5" : 0,
      "p4" : 0,
      "ave_fia" : 4.23333333333333
   },
   "joe" : {
      "p12" : 1,
      "p4" : 0,
      "ave_fia" : 4.16666666666667,
      "played" : 2,
      "ave_score" : 500000,
      "total" : 1000000,
      "p3" : 0,
      "p2" : 0,
      "p10" : 1,
      "p1" : 0,
      "fia_total" : 8.33333333333333,
      "p6" : 1,
      "p5" : 0,
      "player" : "joe"
   },
   "pylade" : {
      "p6" : 0,
      "fia_total" : 25,
      "p5" : 0,
      "player" : "pylade",
      "played" : 1,
      "ave_score" : 101000001,
      "p1" : 1,
      "p14" : 1,
      "total" : 101000001,
      "p3" : 0,
      "p2" : 0,
      "ave_fia" : 25,
      "p4" : 0,
      "p12" : 1
   },
   "leo" : {
      "fia_total" : 5.33333333333333,
      "p6" : 0,
      "p5" : 0,
      "player" : "leo",
      "p9" : 1,
      "played" : 3,
      "ave_score" : 3333.66666666667,
      "total" : 10001,
      "p3" : 0,
      "p2" : 0,
      "p10" : 1,
      "p1" : 0,
      "ave_fia" : 1.77777777777778,
      "p8" : 1,
      "p4" : 0
   },
   "bill" : {
      "ave_fia" : 7.25,
      "p8" : 1,
      "p4" : 0,
      "p7" : 1,
      "fia_total" : 21.75,
      "p6" : 0,
      "player" : "bill",
      "p5" : 0,
      "played" : 3,
      "ave_score" : 33670033.6666667,
      "total" : 101010101,
      "p3" : 0,
      "p2" : 1,
      "p1" : 0
   },
   "nl" : {
      "ave_fia" : 16.5,
      "p4" : 0,
      "p13" : 1,
      "player" : "nl",
      "p5" : 0,
      "p6" : 1,
      "fia_total" : 33,
      "p1" : 1,
      "total" : 10200000102,
      "p3" : 0,
      "p2" : 0,
      "played" : 2,
      "ave_score" : 5100000051
   },
   "winston" : {
      "played" : 1,
      "ave_score" : 1000000,
      "total" : 1000000,
      "p3" : 1,
      "p2" : 0,
      "p1" : 0,
      "p14" : 2,
      "fia_total" : 10.2,
      "p6" : 0,
      "p5" : 0,
      "player" : "winston",
      "p4" : 0,
      "ave_fia" : 10.2
   },
   "bware" : {
      "p3" : 0,
      "total" : 10101000000,
      "p2" : 2,
      "p10" : 1,
      "p1" : 0,
      "ave_score" : 3367000000,
      "played" : 3,
      "p5" : 0,
      "player" : "bware",
      "fia_total" : 30.75,
      "p6" : 0,
      "p4" : 0,
      "ave_fia" : 10.25
   },
   "tlb" : {
      "player" : "tlb",
      "p5" : 0,
      "p7" : 1,
      "fia_total" : 19.2,
      "p6" : 0,
      "p3" : 1,
      "total" : 2000102,
      "p2" : 0,
      "p1" : 0,
      "ave_score" : 666700.666666667,
      "played" : 3,
      "ave_fia" : 6.4,
      "p4" : 0,
      "p8" : 1
   },
   "hobbes" : {
      "p4" : 0,
      "ave_fia" : 10.6111111111111,
      "played" : 3,
      "ave_score" : 670000.333333333,
      "p10" : 1,
      "p1" : 1,
      "total" : 2010001,
      "p3" : 0,
      "p2" : 0,
      "p6" : 0,
      "fia_total" : 31.8333333333333,
      "p5" : 1,
      "player" : "hobbes"
   },
   "karl" : {
      "ave_fia" : 9.4,
      "p4" : 1,
      "p5" : 0,
      "player" : "karl",
      "fia_total" : 28.2,
      "p7" : 1,
      "p6" : 0,
      "p2" : 0,
      "total" : 201000000,
      "p3" : 1,
      "p1" : 0,
      "ave_score" : 67000000,
      "played" : 3
   }
}
