{
   "ray" : {
      "played" : 1,
      "total" : 0,
      "p2" : 0,
      "p1" : 0,
      "p5" : 0,
      "p4" : 0,
      "p13" : 2,
      "p10" : 1,
      "p3" : 0,
      "ave_fia" : 0.5,
      "ave_score" : 0,
      "player" : "ray",
      "fia_total" : 0.5,
      "p6" : 0
   },
   "bware" : {
      "p1" : 0,
      "p5" : 0,
      "played" : 3,
      "total" : 19,
      "p2" : 2,
      "ave_fia" : 10.25,
      "ave_score" : 6.33333333333333,
      "player" : "bware",
      "fia_total" : 30.75,
      "p6" : 0,
      "p4" : 0,
      "p3" : 0,
      "p10" : 1
   },
   "nl" : {
      "p3" : 0,
      "p13" : 1,
      "p4" : 0,
      "fia_total" : 33,
      "player" : "nl",
      "p6" : 1,
      "ave_fia" : 16.5,
      "ave_score" : 12.5,
      "total" : 25,
      "p2" : 0,
      "played" : 2,
      "p5" : 0,
      "p1" : 1
   },
   "pylade" : {
      "player" : "pylade",
      "fia_total" : 25,
      "p6" : 0,
      "p12" : 1,
      "ave_score" : 11,
      "ave_fia" : 25,
      "p3" : 0,
      "p4" : 0,
      "p5" : 0,
      "p14" : 1,
      "p1" : 1,
      "total" : 11,
      "p2" : 0,
      "played" : 1
   },
   "bill" : {
      "p5" : 0,
      "p1" : 0,
      "total" : 16,
      "p2" : 1,
      "played" : 3,
      "player" : "bill",
      "fia_total" : 21.75,
      "p7" : 1,
      "p6" : 0,
      "ave_fia" : 7.25,
      "ave_score" : 5.33333333333333,
      "p3" : 0,
      "p8" : 1,
      "p4" : 0
   },
   "iceman" : {
      "ave_fia" : 8.15,
      "ave_score" : 4.66666666666667,
      "player" : "iceman",
      "fia_total" : 24.45,
      "p6" : 0,
      "p4" : 0,
      "p3" : 1,
      "p10" : 1,
      "p1" : 0,
      "p5" : 0,
      "played" : 3,
      "total" : 14,
      "p2" : 1
   },
   "leo" : {
      "p2" : 0,
      "total" : 4,
      "played" : 3,
      "p5" : 0,
      "p9" : 1,
      "p1" : 0,
      "p3" : 0,
      "p10" : 1,
      "p8" : 1,
      "p4" : 0,
      "p6" : 0,
      "fia_total" : 5.33333333333333,
      "player" : "leo",
      "ave_score" : 1.33333333333333,
      "ave_fia" : 1.77777777777778
   },
   "f1ung" : {
      "p1" : 0,
      "p5" : 0,
      "p9" : 1,
      "played" : 3,
      "total" : 8,
      "p2" : 0,
      "ave_score" : 2.66666666666667,
      "ave_fia" : 4.23333333333333,
      "fia_total" : 12.7,
      "player" : "f1ung",
      "p6" : 0,
      "p4" : 0,
      "p3" : 1,
      "p10" : 1
   },
   "ggp1" : {
      "p4" : 0,
      "p3" : 0,
      "ave_fia" : 17.25,
      "ave_score" : 8.66666666666667,
      "p6" : 0,
      "player" : "ggp1",
      "fia_total" : 51.75,
      "played" : 3,
      "p2" : 2,
      "total" : 26,
      "p1" : 1,
      "p5" : 0
   },
   "joe" : {
      "p10" : 1,
      "p3" : 0,
      "p4" : 0,
      "fia_total" : 8.33333333333333,
      "player" : "joe",
      "p6" : 1,
      "ave_score" : 2,
      "ave_fia" : 4.16666666666667,
      "p12" : 1,
      "total" : 4,
      "p2" : 0,
      "played" : 2,
      "p5" : 0,
      "p1" : 0
   },
   "winston" : {
      "player" : "winston",
      "fia_total" : 10.2,
      "p6" : 0,
      "ave_score" : 4,
      "ave_fia" : 10.2,
      "p3" : 1,
      "p4" : 0,
      "p5" : 0,
      "p14" : 2,
      "p1" : 0,
      "total" : 4,
      "p2" : 0,
      "played" : 1
   },
   "hobbes" : {
      "p3" : 0,
      "p10" : 1,
      "p4" : 0,
      "fia_total" : 31.8333333333333,
      "player" : "hobbes",
      "p6" : 0,
      "ave_fia" : 10.6111111111111,
      "ave_score" : 4,
      "total" : 12,
      "p2" : 0,
      "played" : 3,
      "p5" : 1,
      "p1" : 1
   },
   "tlb" : {
      "total" : 12,
      "p2" : 0,
      "played" : 3,
      "p5" : 0,
      "p1" : 0,
      "p8" : 1,
      "p3" : 1,
      "p4" : 0,
      "p7" : 1,
      "fia_total" : 19.2,
      "player" : "tlb",
      "p6" : 0,
      "ave_score" : 4,
      "ave_fia" : 6.4
   },
   "karl" : {
      "played" : 3,
      "p2" : 0,
      "total" : 16,
      "p1" : 0,
      "p5" : 0,
      "p4" : 1,
      "p3" : 1,
      "ave_score" : 5.33333333333333,
      "ave_fia" : 9.4,
      "p6" : 0,
      "p7" : 1,
      "player" : "karl",
      "fia_total" : 28.2
   }
}
