{
   "leo" : {
      "fia_total" : 18,
      "p2" : 0,
      "p6" : 0,
      "p8" : 1,
      "p1" : 0,
      "ave_score" : 134141520185.333,
      "ave_fia" : 6,
      "player" : "leo",
      "played" : 3,
      "p5" : 0,
      "p9" : 1,
      "p4" : 1,
      "total" : 402424560556,
      "p3" : 0
   },
   "winston" : {
      "ave_fia" : 7,
      "ave_score" : 161632001604,
      "p1" : 0,
      "p6" : 1,
      "p2" : 0,
      "fia_total" : 7,
      "p5" : 0,
      "p14" : 2,
      "played" : 1,
      "player" : "winston",
      "p4" : 0,
      "p3" : 0,
      "total" : 161632001604
   },
   "f1ung" : {
      "ave_fia" : 11.6666666666667,
      "ave_score" : 161357353872,
      "p1" : 0,
      "p6" : 1,
      "p2" : 0,
      "fia_total" : 35,
      "p5" : 0,
      "played" : 3,
      "player" : "f1ung",
      "p4" : 1,
      "p3" : 1,
      "total" : 484072061616
   },
   "pylade" : {
      "p5" : 0,
      "player" : "pylade",
      "played" : 1,
      "p14" : 1,
      "ave_fia" : 4,
      "p12" : 1,
      "ave_score" : 43232040032,
      "p1" : 0,
      "p6" : 0,
      "p8" : 1,
      "fia_total" : 4,
      "p2" : 0,
      "total" : 43232040032,
      "p3" : 0,
      "p4" : 0
   },
   "ggp1" : {
      "ave_score" : 174960174004,
      "ave_fia" : 16.5,
      "p2" : 1,
      "fia_total" : 49.5,
      "p6" : 1,
      "p1" : 1,
      "p5" : 0,
      "player" : "ggp1",
      "played" : 3,
      "p4" : 0,
      "total" : 524880522012,
      "p3" : 0
   },
   "ray" : {
      "total" : 21600080400,
      "p3" : 0,
      "p11" : 1,
      "p4" : 0,
      "p5" : 0,
      "player" : "ray",
      "played" : 1,
      "ave_score" : 21600080400,
      "ave_fia" : 0,
      "fia_total" : 0,
      "p2" : 0,
      "p6" : 0,
      "p1" : 0,
      "p13" : 2
   },
   "joe" : {
      "p1" : 1,
      "p6" : 0,
      "p2" : 0,
      "fia_total" : 37,
      "ave_fia" : 18.5,
      "p12" : 1,
      "ave_score" : 161624025901.5,
      "player" : "joe",
      "played" : 2,
      "p5" : 0,
      "p4" : 1,
      "total" : 323248051803,
      "p3" : 0
   },
   "iceman" : {
      "p11" : 1,
      "p3" : 0,
      "total" : 206480212100,
      "p4" : 0,
      "played" : 3,
      "player" : "iceman",
      "p5" : 2,
      "p6" : 0,
      "p1" : 0,
      "p2" : 0,
      "fia_total" : 20,
      "ave_fia" : 6.66666666666667,
      "ave_score" : 68826737366.6667
   },
   "nl" : {
      "total" : 366408323264,
      "p3" : 0,
      "p11" : 1,
      "p4" : 0,
      "p5" : 0,
      "player" : "nl",
      "played" : 2,
      "ave_score" : 183204161632,
      "ave_fia" : 12.5,
      "fia_total" : 25,
      "p2" : 0,
      "p6" : 0,
      "p13" : 1,
      "p1" : 1
   },
   "karl" : {
      "total" : 288048174806,
      "p3" : 0,
      "p4" : 0,
      "p5" : 0,
      "player" : "karl",
      "p10" : 2,
      "played" : 3,
      "ave_score" : 96016058268.6667,
      "ave_fia" : 3,
      "fia_total" : 9,
      "p2" : 0,
      "p1" : 0,
      "p6" : 1
   },
   "bill" : {
      "played" : 3,
      "p10" : 1,
      "player" : "bill",
      "p5" : 0,
      "p2" : 0,
      "fia_total" : 8,
      "p6" : 0,
      "p1" : 0,
      "ave_score" : 121744174481.333,
      "ave_fia" : 2.66666666666667,
      "p3" : 0,
      "total" : 365232523444,
      "p7" : 1,
      "p9" : 1,
      "p4" : 0
   },
   "bware" : {
      "p5" : 0,
      "player" : "bware",
      "played" : 3,
      "ave_fia" : 8.16666666666667,
      "ave_score" : 174949453534.667,
      "p6" : 0,
      "p1" : 0,
      "p2" : 1,
      "fia_total" : 24.5,
      "total" : 524848360604,
      "p7" : 1,
      "p3" : 0,
      "p4" : 0,
      "p9" : 1
   },
   "hobbes" : {
      "p3" : 0,
      "total" : 364880371840,
      "p4" : 0,
      "played" : 3,
      "player" : "hobbes",
      "p5" : 1,
      "fia_total" : 28,
      "p2" : 1,
      "p6" : 0,
      "p1" : 0,
      "ave_score" : 121626790613.333,
      "p12" : 1,
      "ave_fia" : 9.33333333333333
   },
   "tlb" : {
      "total" : 484064363472,
      "p7" : 1,
      "p3" : 1,
      "p4" : 0,
      "player" : "tlb",
      "played" : 3,
      "p5" : 0,
      "fia_total" : 38,
      "p2" : 1,
      "p6" : 0,
      "p1" : 0,
      "ave_score" : 161354787824,
      "ave_fia" : 12.6666666666667
   }
}
