{
   "winston" : {
      "p3" : 1,
      "ave_fia" : 10.2,
      "p1" : 0,
      "p5" : 0,
      "played" : 1,
      "player" : "winston",
      "p14" : 4,
      "total" : 1000000,
      "fia_total" : 10.2,
      "p4" : 0,
      "p2" : 0,
      "p6" : 0,
      "ave_score" : 1000000
   },
   "f1ung" : {
      "p3" : 1,
      "ave_fia" : 6.925,
      "p1" : 0,
      "p10" : 1,
      "p5" : 0,
      "played" : 4,
      "p12" : 1,
      "total" : 10102000000,
      "player" : "f1ung",
      "fia_total" : 27.7,
      "p4" : 0,
      "p2" : 1,
      "p6" : 0,
      "ave_score" : 2525500000,
      "p9" : 1
   },
   "iceman" : {
      "player" : "iceman",
      "total" : 10102000100,
      "p5" : 1,
      "played" : 5,
      "p1" : 0,
      "p10" : 1,
      "ave_fia" : 7.37571428571429,
      "p3" : 1,
      "ave_score" : 2020400020,
      "p6" : 1,
      "p4" : 0,
      "p2" : 1,
      "fia_total" : 36.8785714285714
   },
   "bill" : {
      "player" : "bill",
      "total" : 10201010101,
      "p5" : 1,
      "played" : 5,
      "p1" : 0,
      "ave_fia" : 8.23571428571429,
      "p3" : 0,
      "ave_score" : 2040202020.2,
      "p7" : 1,
      "p6" : 0,
      "p4" : 0,
      "p2" : 2,
      "p8" : 1,
      "fia_total" : 41.1785714285714
   },
   "bware" : {
      "p3" : 0,
      "ave_fia" : 10.55,
      "p10" : 1,
      "p1" : 0,
      "played" : 5,
      "p5" : 1,
      "player" : "bware",
      "total" : 20101020000,
      "fia_total" : 52.75,
      "p2" : 2,
      "p4" : 1,
      "p6" : 0,
      "ave_score" : 4020204000
   },
   "leo" : {
      "player" : "leo",
      "total" : 10000010001,
      "p1" : 0,
      "p10" : 1,
      "p5" : 1,
      "played" : 5,
      "p3" : 0,
      "ave_fia" : 2.75238095238095,
      "p7" : 1,
      "ave_score" : 2000002000.2,
      "p9" : 1,
      "p6" : 0,
      "p4" : 0,
      "p2" : 0,
      "fia_total" : 13.7619047619048,
      "p8" : 1
   },
   "ggp1" : {
      "p6" : 0,
      "ave_score" : 4040402000,
      "p7" : 1,
      "fia_total" : 70.75,
      "p4" : 0,
      "p2" : 2,
      "player" : "ggp1",
      "total" : 20202010000,
      "ave_fia" : 14.15,
      "p3" : 1,
      "p5" : 0,
      "played" : 5,
      "p1" : 1
   },
   "ray" : {
      "p13" : 3,
      "total" : 10000000000,
      "player" : "ray",
      "p3" : 0,
      "ave_fia" : 12.75,
      "p10" : 1,
      "p1" : 1,
      "played" : 2,
      "p5" : 0,
      "p6" : 0,
      "ave_score" : 5000000000,
      "fia_total" : 25.5,
      "p2" : 0,
      "p4" : 0
   },
   "joe" : {
      "p6" : 1,
      "ave_score" : 333333.333333333,
      "fia_total" : 12.7619047619048,
      "p2" : 0,
      "p4" : 0,
      "total" : 1000000,
      "p12" : 2,
      "player" : "joe",
      "ave_fia" : 4.25396825396825,
      "p3" : 0,
      "played" : 3,
      "p5" : 1,
      "p10" : 1,
      "p1" : 0
   },
   "hobbes" : {
      "p3" : 0,
      "ave_fia" : 12.9666666666667,
      "p1" : 1,
      "p10" : 1,
      "p5" : 1,
      "played" : 5,
      "player" : "hobbes",
      "total" : 10202020001,
      "fia_total" : 64.8333333333333,
      "p4" : 0,
      "p2" : 2,
      "p6" : 0,
      "ave_score" : 2040404000.2
   },
   "tlb" : {
      "p5" : 1,
      "played" : 5,
      "p1" : 0,
      "p10" : 1,
      "ave_fia" : 4.92571428571429,
      "p3" : 1,
      "player" : "tlb",
      "total" : 3010102,
      "p4" : 0,
      "p2" : 0,
      "p8" : 1,
      "fia_total" : 24.6285714285714,
      "ave_score" : 602020.4,
      "p7" : 1,
      "p6" : 0
   },
   "karl" : {
      "p6" : 0,
      "ave_score" : 2060200020,
      "total" : 10301000100,
      "p7" : 1,
      "player" : "karl",
      "ave_fia" : 11.5257142857143,
      "p3" : 1,
      "fia_total" : 57.6285714285714,
      "played" : 5,
      "p5" : 1,
      "p2" : 0,
      "p1" : 1,
      "p4" : 1
   },
   "nl" : {
      "p6" : 1,
      "p7" : 1,
      "ave_score" : 6733333367.33333,
      "fia_total" : 37,
      "p2" : 0,
      "p4" : 0,
      "p13" : 2,
      "total" : 20200000102,
      "player" : "nl",
      "p3" : 0,
      "ave_fia" : 12.3333333333333,
      "p1" : 1,
      "played" : 3,
      "p5" : 0
   },
   "pylade" : {
      "fia_total" : 29.4285714285714,
      "p4" : 0,
      "p2" : 0,
      "p6" : 0,
      "ave_score" : 33670033.6666667,
      "p3" : 0,
      "ave_fia" : 9.80952380952381,
      "p1" : 1,
      "p5" : 1,
      "played" : 3,
      "p11" : 1,
      "total" : 101010101,
      "p12" : 1,
      "player" : "pylade",
      "p14" : 1
   }
}
