{
   "pylade" : {
      "p3" : 0,
      "p2" : 0,
      "p11" : 1,
      "p1" : 1,
      "total" : 63,
      "p4" : 0,
      "p14" : 1,
      "played" : 3,
      "ave_fia" : 9.80952380952381,
      "p6" : 0,
      "player" : "pylade",
      "ave_score" : 21,
      "fia_total" : 29.4285714285714,
      "p12" : 1,
      "p5" : 1
   },
   "iceman" : {
      "played" : 5,
      "p10" : 1,
      "p5" : 1,
      "p6" : 1,
      "total" : 83,
      "p1" : 0,
      "p2" : 1,
      "p3" : 1,
      "p4" : 0,
      "ave_fia" : 7.37571428571429,
      "ave_score" : 16.6,
      "player" : "iceman",
      "fia_total" : 36.8785714285714
   },
   "bill" : {
      "p4" : 0,
      "played" : 5,
      "p3" : 0,
      "p2" : 2,
      "p8" : 1,
      "p1" : 0,
      "total" : 106,
      "p6" : 0,
      "ave_score" : 21.2,
      "player" : "bill",
      "fia_total" : 44.1785714285714,
      "p5" : 2,
      "ave_fia" : 8.83571428571429
   },
   "ggp1" : {
      "p1" : 1,
      "p8" : 1,
      "total" : 128,
      "p2" : 2,
      "p3" : 1,
      "played" : 5,
      "p4" : 0,
      "ave_fia" : 13.8166666666667,
      "p5" : 0,
      "player" : "ggp1",
      "ave_score" : 25.6,
      "fia_total" : 69.0833333333333,
      "p6" : 0
   },
   "leo" : {
      "p9" : 1,
      "p10" : 1,
      "played" : 5,
      "p5" : 1,
      "p6" : 0,
      "p1" : 0,
      "total" : 45,
      "p8" : 2,
      "p3" : 0,
      "p2" : 0,
      "p4" : 0,
      "ave_fia" : 2.41904761904762,
      "ave_score" : 9,
      "fia_total" : 12.0952380952381,
      "player" : "leo"
   },
   "tlb" : {
      "p6" : 0,
      "fia_total" : 34.6285714285714,
      "ave_score" : 16.6,
      "player" : "tlb",
      "p5" : 2,
      "ave_fia" : 6.92571428571429,
      "p4" : 0,
      "played" : 5,
      "p3" : 1,
      "p2" : 0,
      "p7" : 2,
      "total" : 83,
      "p1" : 0
   },
   "nl" : {
      "p5" : 0,
      "player" : "nl",
      "ave_score" : 37.3333333333333,
      "fia_total" : 35.3333333333333,
      "p6" : 1,
      "ave_fia" : 11.7777777777778,
      "p13" : 2,
      "played" : 3,
      "p4" : 0,
      "p8" : 1,
      "p1" : 1,
      "total" : 112,
      "p2" : 0,
      "p3" : 0
   },
   "winston" : {
      "ave_fia" : 10.2,
      "p6" : 0,
      "p5" : 0,
      "player" : "winston",
      "ave_score" : 15,
      "fia_total" : 10.2,
      "p2" : 0,
      "p3" : 1,
      "total" : 15,
      "p1" : 0,
      "played" : 1,
      "p14" : 4,
      "p4" : 0
   },
   "f1ung" : {
      "p9" : 1,
      "played" : 4,
      "p10" : 1,
      "p6" : 0,
      "p5" : 0,
      "p2" : 1,
      "p3" : 1,
      "total" : 73,
      "p1" : 0,
      "p4" : 0,
      "ave_fia" : 6.925,
      "p12" : 1,
      "player" : "f1ung",
      "ave_score" : 18.25,
      "fia_total" : 27.7
   },
   "joe" : {
      "fia_total" : 8.76190476190476,
      "ave_score" : 5,
      "player" : "joe",
      "p12" : 2,
      "ave_fia" : 2.92063492063492,
      "p4" : 0,
      "p8" : 1,
      "p1" : 0,
      "total" : 15,
      "p3" : 0,
      "p2" : 0,
      "p5" : 1,
      "p6" : 0,
      "p10" : 1,
      "played" : 3
   },
   "ray" : {
      "p2" : 1,
      "p3" : 0,
      "total" : 25,
      "p1" : 0,
      "p10" : 1,
      "played" : 2,
      "p4" : 0,
      "p13" : 3,
      "ave_fia" : 9.25,
      "p6" : 0,
      "p5" : 0,
      "ave_score" : 12.5,
      "player" : "ray",
      "fia_total" : 18.5
   },
   "karl" : {
      "ave_fia" : 10.3257142857143,
      "p6" : 0,
      "ave_score" : 20.8,
      "player" : "karl",
      "fia_total" : 51.6285714285714,
      "p5" : 2,
      "p3" : 1,
      "p2" : 0,
      "total" : 104,
      "p8" : 1,
      "p1" : 1,
      "p4" : 0,
      "played" : 5
   },
   "bware" : {
      "p10" : 1,
      "played" : 5,
      "p5" : 1,
      "p6" : 0,
      "total" : 107,
      "p1" : 0,
      "p3" : 0,
      "p2" : 2,
      "p4" : 1,
      "ave_fia" : 10.55,
      "ave_score" : 21.4,
      "fia_total" : 52.75,
      "player" : "bware"
   },
   "hobbes" : {
      "p4" : 1,
      "played" : 5,
      "p10" : 1,
      "p1" : 2,
      "total" : 123,
      "p3" : 0,
      "p2" : 1,
      "ave_score" : 24.6,
      "fia_total" : 73.8333333333333,
      "player" : "hobbes",
      "p5" : 0,
      "p6" : 0,
      "ave_fia" : 14.7666666666667
   }
}
