{
   "winston" : {
      "p14" : 2,
      "fia_total" : 7,
      "p3" : 0,
      "p1" : 0,
      "played" : 1,
      "total" : 161696001604,
      "player" : "winston",
      "p2" : 0,
      "p6" : 1,
      "p4" : 0,
      "p5" : 0,
      "ave_score" : 161696001604,
      "ave_fia" : 7
   },
   "ggp1" : {
      "p2" : 1,
      "p6" : 1,
      "p4" : 0,
      "p5" : 0,
      "ave_fia" : 16.5,
      "ave_score" : 390469720670.667,
      "p1" : 1,
      "p3" : 0,
      "fia_total" : 49.5,
      "total" : 1171409162012,
      "played" : 3,
      "player" : "ggp1"
   },
   "f1ung" : {
      "fia_total" : 35,
      "p3" : 1,
      "p4" : 1,
      "p6" : 1,
      "p1" : 0,
      "p2" : 0,
      "ave_score" : 161400020538.667,
      "player" : "f1ung",
      "ave_fia" : 11.6666666666667,
      "played" : 3,
      "total" : 484200061616,
      "p5" : 0
   },
   "iceman" : {
      "p5" : 2,
      "ave_fia" : 6.66666666666667,
      "p11" : 1,
      "ave_score" : 71002737366.6667,
      "p2" : 0,
      "p4" : 0,
      "p6" : 0,
      "total" : 213008212100,
      "played" : 3,
      "player" : "iceman",
      "p1" : 0,
      "p3" : 0,
      "fia_total" : 20
   },
   "karl" : {
      "played" : 3,
      "total" : 300912174806,
      "player" : "karl",
      "p3" : 0,
      "p1" : 0,
      "fia_total" : 9,
      "p5" : 0,
      "p10" : 2,
      "ave_fia" : 3,
      "ave_score" : 100304058268.667,
      "p2" : 0,
      "p4" : 0,
      "p6" : 1
   },
   "hobbes" : {
      "played" : 3,
      "total" : 365009011904,
      "player" : "hobbes",
      "p3" : 0,
      "p1" : 0,
      "fia_total" : 28,
      "p12" : 1,
      "p5" : 1,
      "ave_fia" : 9.33333333333333,
      "ave_score" : 121669670634.667,
      "p2" : 1,
      "p6" : 0,
      "p4" : 0
   },
   "bware" : {
      "player" : "bware",
      "played" : 3,
      "total" : 1171312360604,
      "p3" : 0,
      "p1" : 0,
      "p9" : 1,
      "fia_total" : 24.5,
      "ave_fia" : 8.16666666666667,
      "ave_score" : 390437453534.667,
      "p5" : 0,
      "p6" : 0,
      "p4" : 0,
      "p7" : 1,
      "p2" : 1
   },
   "leo" : {
      "p9" : 1,
      "fia_total" : 18,
      "p3" : 0,
      "p1" : 0,
      "played" : 3,
      "total" : 402425200620,
      "player" : "leo",
      "p2" : 0,
      "p8" : 1,
      "p4" : 1,
      "p6" : 0,
      "p5" : 0,
      "ave_score" : 134141733540,
      "ave_fia" : 6
   },
   "joe" : {
      "p2" : 0,
      "p4" : 1,
      "p6" : 0,
      "p5" : 0,
      "ave_score" : 161656025901.5,
      "ave_fia" : 18.5,
      "fia_total" : 37,
      "p12" : 1,
      "p3" : 0,
      "p1" : 1,
      "played" : 2,
      "total" : 323312051803,
      "player" : "joe"
   },
   "pylade" : {
      "player" : "pylade",
      "played" : 1,
      "total" : 49696040096,
      "p3" : 0,
      "p1" : 0,
      "fia_total" : 4,
      "p12" : 1,
      "p14" : 1,
      "ave_fia" : 4,
      "ave_score" : 49696040096,
      "p5" : 0,
      "p4" : 0,
      "p6" : 0,
      "p2" : 0,
      "p8" : 1
   },
   "tlb" : {
      "p5" : 0,
      "ave_score" : 161397456666.667,
      "ave_fia" : 12.6666666666667,
      "p2" : 1,
      "p7" : 1,
      "p6" : 0,
      "p4" : 0,
      "total" : 484192370000,
      "played" : 3,
      "player" : "tlb",
      "fia_total" : 38,
      "p1" : 0,
      "p3" : 1
   },
   "nl" : {
      "p2" : 0,
      "p6" : 0,
      "p4" : 0,
      "p5" : 0,
      "ave_score" : 509604164896,
      "ave_fia" : 12.5,
      "p11" : 1,
      "fia_total" : 25,
      "p1" : 1,
      "p3" : 0,
      "total" : 1019208329792,
      "played" : 2,
      "p13" : 1,
      "player" : "nl"
   },
   "ray" : {
      "ave_score" : 21600080400,
      "p11" : 1,
      "ave_fia" : 0,
      "p5" : 0,
      "p4" : 0,
      "p6" : 0,
      "p2" : 0,
      "p13" : 2,
      "player" : "ray",
      "played" : 1,
      "total" : 21600080400,
      "fia_total" : 0,
      "p3" : 0,
      "p1" : 0
   },
   "bill" : {
      "total" : 371697169908,
      "played" : 3,
      "player" : "bill",
      "p9" : 1,
      "fia_total" : 8,
      "p1" : 0,
      "p3" : 0,
      "p5" : 0,
      "ave_score" : 123899056636,
      "ave_fia" : 2.66666666666667,
      "p10" : 1,
      "p2" : 0,
      "p7" : 1,
      "p4" : 0,
      "p6" : 0
   }
}
