{
   "ggp1" : {
      "ave_fia" : 7.06666666666667,
      "total" : 308,
      "ave_score" : 61.6,
      "p4" : 0,
      "p2" : 0,
      "p5" : 0,
      "p8" : 2,
      "played" : 5,
      "p9" : 2,
      "p3" : 0,
      "p1" : 1,
      "fia_total" : 35.3333333333333,
      "player" : "ggp1",
      "p6" : 0
   },
   "leo" : {
      "p6" : 0,
      "p7" : 2,
      "player" : "leo",
      "p1" : 0,
      "fia_total" : 36,
      "p3" : 0,
      "p5" : 2,
      "p8" : 1,
      "played" : 5,
      "ave_score" : 67.8,
      "p4" : 0,
      "p2" : 0,
      "total" : 339,
      "ave_fia" : 7.2
   },
   "ray" : {
      "player" : "ray",
      "p6" : 0,
      "p11" : 1,
      "p3" : 1,
      "p1" : 0,
      "fia_total" : 13.5,
      "p4" : 0,
      "p2" : 0,
      "ave_score" : 37.5,
      "p5" : 0,
      "played" : 2,
      "ave_fia" : 6.75,
      "total" : 75,
      "p13" : 3
   },
   "bware" : {
      "player" : "bware",
      "p7" : 1,
      "p6" : 0,
      "p3" : 0,
      "fia_total" : 22.3333333333333,
      "p1" : 0,
      "ave_score" : 51.4,
      "p4" : 1,
      "p2" : 0,
      "played" : 5,
      "p5" : 0,
      "p8" : 1,
      "ave_fia" : 4.46666666666667,
      "p10" : 2,
      "total" : 257
   },
   "pylade" : {
      "player" : "pylade",
      "p6" : 0,
      "p3" : 0,
      "fia_total" : 54,
      "p1" : 2,
      "p4" : 0,
      "p2" : 0,
      "ave_score" : 88.3333333333333,
      "p14" : 1,
      "played" : 3,
      "p8" : 1,
      "p5" : 0,
      "p12" : 1,
      "ave_fia" : 18,
      "total" : 265
   },
   "joe" : {
      "player" : "joe",
      "p6" : 1,
      "p11" : 1,
      "p3" : 0,
      "p1" : 0,
      "fia_total" : 8,
      "p2" : 0,
      "p4" : 0,
      "ave_score" : 35.3333333333333,
      "p5" : 0,
      "played" : 3,
      "ave_fia" : 2.66666666666667,
      "p12" : 3,
      "total" : 106
   },
   "iceman" : {
      "total" : 292,
      "ave_fia" : 8.76666666666667,
      "p8" : 1,
      "p5" : 0,
      "played" : 5,
      "p9" : 1,
      "ave_score" : 58.4,
      "p2" : 0,
      "p4" : 1,
      "p1" : 1,
      "fia_total" : 43.8333333333333,
      "p3" : 0,
      "p6" : 0,
      "p7" : 1,
      "player" : "iceman"
   },
   "tlb" : {
      "played" : 5,
      "p5" : 0,
      "p4" : 1,
      "p2" : 2,
      "ave_score" : 98,
      "total" : 490,
      "ave_fia" : 16.6,
      "p6" : 0,
      "player" : "tlb",
      "fia_total" : 83,
      "p1" : 1,
      "p3" : 1
   },
   "bill" : {
      "p6" : 0,
      "player" : "bill",
      "fia_total" : 39.5,
      "p1" : 0,
      "p3" : 0,
      "played" : 5,
      "p5" : 2,
      "p8" : 1,
      "p4" : 0,
      "p2" : 1,
      "ave_score" : 74.8,
      "p10" : 1,
      "total" : 374,
      "ave_fia" : 7.9
   },
   "hobbes" : {
      "fia_total" : 47,
      "p1" : 0,
      "p3" : 0,
      "p11" : 1,
      "p6" : 1,
      "player" : "hobbes",
      "total" : 379,
      "ave_fia" : 9.4,
      "played" : 5,
      "p5" : 1,
      "ave_score" : 75.8,
      "p4" : 1,
      "p2" : 1
   },
   "nl" : {
      "p3" : 0,
      "p1" : 1,
      "fia_total" : 43,
      "player" : "nl",
      "p11" : 1,
      "p6" : 0,
      "ave_fia" : 14.3333333333333,
      "total" : 303,
      "p13" : 2,
      "ave_score" : 101,
      "p2" : 1,
      "p4" : 0,
      "p5" : 0,
      "played" : 3
   },
   "winston" : {
      "ave_score" : 69,
      "p2" : 0,
      "p4" : 0,
      "p14" : 4,
      "played" : 1,
      "p5" : 1,
      "ave_fia" : 9,
      "total" : 69,
      "player" : "winston",
      "p6" : 0,
      "p3" : 0,
      "fia_total" : 9,
      "p1" : 0
   },
   "f1ung" : {
      "played" : 4,
      "p9" : 1,
      "p5" : 0,
      "ave_score" : 50.5,
      "p2" : 0,
      "p4" : 0,
      "p10" : 1,
      "total" : 202,
      "p12" : 1,
      "ave_fia" : 4.5,
      "p6" : 0,
      "p11" : 1,
      "player" : "f1ung",
      "fia_total" : 18,
      "p1" : 0,
      "p3" : 1
   },
   "karl" : {
      "ave_fia" : 10.5,
      "total" : 333,
      "ave_score" : 66.6,
      "p4" : 0,
      "p2" : 0,
      "p5" : 2,
      "played" : 5,
      "p3" : 2,
      "p1" : 0,
      "fia_total" : 52.5,
      "p7" : 1,
      "player" : "karl",
      "p6" : 0
   }
}
