{
   "iceman" : {
      "p5" : 1,
      "p6" : 1,
      "played" : 5,
      "player" : "iceman",
      "p1" : 0,
      "p2" : 1,
      "p10" : 1,
      "ave_fia" : 8.3,
      "p3" : 0,
      "p7" : 1,
      "p4" : 0,
      "fia_total" : 41.5,
      "ave_score" : 2020400020,
      "total" : 10102000100
   },
   "ray" : {
      "p5" : 0,
      "p6" : 0,
      "played" : 2,
      "p13" : 3,
      "player" : "ray",
      "p1" : 1,
      "p3" : 0,
      "p10" : 1,
      "p2" : 0,
      "ave_fia" : 13,
      "fia_total" : 26,
      "ave_score" : 5000000000,
      "total" : 10000000000,
      "p4" : 0
   },
   "pylade" : {
      "p2" : 0,
      "ave_fia" : 9.41666666666667,
      "p12" : 1,
      "p3" : 0,
      "p7" : 1,
      "p4" : 0,
      "p11" : 1,
      "p14" : 1,
      "fia_total" : 28.25,
      "ave_score" : 33670033.6666667,
      "total" : 101010101,
      "p5" : 0,
      "p6" : 0,
      "played" : 3,
      "player" : "pylade",
      "p1" : 1
   },
   "winston" : {
      "p1" : 0,
      "p4" : 1,
      "player" : "winston",
      "total" : 1000000,
      "ave_score" : 1000000,
      "p14" : 4,
      "fia_total" : 10,
      "ave_fia" : 10,
      "played" : 1,
      "p2" : 0,
      "p6" : 0,
      "p5" : 0,
      "p3" : 0
   },
   "ggp1" : {
      "p5" : 0,
      "p6" : 0,
      "played" : 5,
      "player" : "ggp1",
      "p1" : 1,
      "p2" : 1,
      "ave_fia" : 14.5666666666667,
      "p3" : 2,
      "p4" : 0,
      "p8" : 1,
      "fia_total" : 72.8333333333333,
      "ave_score" : 4040402000,
      "total" : 20202010000
   },
   "nl" : {
      "p1" : 1,
      "player" : "nl",
      "p9" : 1,
      "p13" : 2,
      "played" : 3,
      "p6" : 1,
      "p5" : 0,
      "total" : 20200000102,
      "ave_score" : 6733333367.33333,
      "fia_total" : 35,
      "p4" : 0,
      "p3" : 0,
      "ave_fia" : 11.6666666666667,
      "p2" : 0
   },
   "hobbes" : {
      "played" : 5,
      "p5" : 1,
      "p6" : 0,
      "p1" : 0,
      "player" : "hobbes",
      "p10" : 1,
      "p2" : 3,
      "ave_fia" : 12.6,
      "p3" : 0,
      "p4" : 0,
      "ave_score" : 2040404000.2,
      "total" : 10202020001,
      "fia_total" : 63
   },
   "bware" : {
      "played" : 5,
      "p6" : 0,
      "p5" : 1,
      "p1" : 0,
      "player" : "bware",
      "p3" : 1,
      "ave_fia" : 10.1666666666667,
      "p2" : 1,
      "total" : 20101020000,
      "ave_score" : 4020204000,
      "fia_total" : 50.8333333333333,
      "p11" : 1,
      "p4" : 1
   },
   "f1ung" : {
      "fia_total" : 24.5,
      "total" : 10102000000,
      "ave_score" : 2525500000,
      "p4" : 2,
      "p3" : 0,
      "ave_fia" : 6.125,
      "p12" : 1,
      "p2" : 0,
      "p10" : 1,
      "player" : "f1ung",
      "p1" : 0,
      "p9" : 1,
      "p6" : 0,
      "p5" : 0,
      "played" : 4
   },
   "joe" : {
      "ave_fia" : 2.66666666666667,
      "p12" : 3,
      "p2" : 0,
      "p3" : 0,
      "p11" : 1,
      "p4" : 0,
      "fia_total" : 8,
      "total" : 1000000,
      "ave_score" : 333333.333333333,
      "p6" : 1,
      "p5" : 0,
      "played" : 3,
      "player" : "joe",
      "p1" : 0
   },
   "leo" : {
      "p7" : 2,
      "p3" : 0,
      "ave_fia" : 2.75,
      "p10" : 1,
      "p2" : 0,
      "fia_total" : 13.75,
      "total" : 10000010001,
      "ave_score" : 2000002000.2,
      "p4" : 0,
      "p9" : 2,
      "p6" : 0,
      "p5" : 0,
      "played" : 5,
      "player" : "leo",
      "p1" : 0
   },
   "tlb" : {
      "p7" : 1,
      "p3" : 1,
      "ave_fia" : 6.8,
      "p10" : 1,
      "p2" : 0,
      "fia_total" : 34,
      "total" : 3010102,
      "ave_score" : 602020.4,
      "p8" : 1,
      "p4" : 0,
      "p6" : 0,
      "p5" : 1,
      "played" : 5,
      "player" : "tlb",
      "p1" : 0
   },
   "karl" : {
      "played" : 5,
      "ave_fia" : 11.25,
      "p2" : 0,
      "p6" : 0,
      "p5" : 0,
      "p7" : 2,
      "p3" : 0,
      "p1" : 1,
      "p4" : 2,
      "player" : "karl",
      "total" : 10301000100,
      "ave_score" : 2060200020,
      "fia_total" : 56.25
   },
   "bill" : {
      "player" : "bill",
      "p1" : 0,
      "p6" : 0,
      "p5" : 0,
      "played" : 5,
      "p8" : 1,
      "p4" : 0,
      "fia_total" : 41.0833333333333,
      "total" : 10201010101,
      "ave_score" : 2040202020.2,
      "ave_fia" : 8.21666666666667,
      "p2" : 1,
      "p7" : 2,
      "p3" : 1
   }
}
