{
   "pylade" : {
      "p12" : 1,
      "p6" : 0,
      "played" : 1,
      "ave_fia" : 1.5,
      "p2" : 0,
      "p9" : 1,
      "p1" : 0,
      "total" : 442,
      "p5" : 0,
      "fia_total" : 1.5,
      "p3" : 0,
      "p4" : 0,
      "p14" : 1,
      "player" : "pylade",
      "ave_score" : 442
   },
   "ray" : {
      "p4" : 0,
      "p3" : 0,
      "fia_total" : 0,
      "p5" : 0,
      "p1" : 0,
      "total" : 407,
      "p11" : 1,
      "ave_score" : 407,
      "player" : "ray",
      "ave_fia" : 0,
      "played" : 1,
      "p6" : 0,
      "p13" : 2,
      "p2" : 0
   },
   "bware" : {
      "player" : "bware",
      "ave_score" : 437.333333333333,
      "total" : 1312,
      "p1" : 0,
      "p5" : 0,
      "p10" : 1,
      "fia_total" : 19,
      "p4" : 0,
      "p3" : 1,
      "p8" : 1,
      "p2" : 0,
      "p6" : 0,
      "ave_fia" : 6.33333333333333,
      "played" : 3
   },
   "bill" : {
      "p9" : 1,
      "p2" : 0,
      "p6" : 0,
      "ave_fia" : 5.16666666666667,
      "played" : 3,
      "player" : "bill",
      "p11" : 1,
      "ave_score" : 445.333333333333,
      "p5" : 0,
      "p1" : 0,
      "total" : 1336,
      "p4" : 0,
      "p3" : 1,
      "fia_total" : 15.5
   },
   "hobbes" : {
      "p2" : 1,
      "p9" : 1,
      "played" : 3,
      "ave_fia" : 9.83333333333333,
      "p6" : 0,
      "ave_score" : 457.666666666667,
      "player" : "hobbes",
      "fia_total" : 29.5,
      "p4" : 0,
      "p3" : 0,
      "total" : 1373,
      "p1" : 0,
      "p5" : 1
   },
   "f1ung" : {
      "p8" : 1,
      "p2" : 0,
      "ave_fia" : 7.33333333333333,
      "played" : 3,
      "p6" : 0,
      "ave_score" : 449.666666666667,
      "player" : "f1ung",
      "p4" : 1,
      "p3" : 0,
      "p7" : 1,
      "fia_total" : 22,
      "p5" : 0,
      "total" : 1349,
      "p1" : 0
   },
   "leo" : {
      "p6" : 0,
      "ave_fia" : 5.66666666666667,
      "played" : 3,
      "p8" : 2,
      "p2" : 0,
      "total" : 1330,
      "p1" : 0,
      "p5" : 1,
      "fia_total" : 17,
      "p4" : 0,
      "p3" : 0,
      "player" : "leo",
      "ave_score" : 443.333333333333
   },
   "tlb" : {
      "fia_total" : 34.5,
      "p4" : 0,
      "p7" : 1,
      "p3" : 2,
      "total" : 1378,
      "p1" : 0,
      "p5" : 0,
      "ave_score" : 459.333333333333,
      "player" : "tlb",
      "played" : 3,
      "ave_fia" : 11.5,
      "p6" : 0,
      "p2" : 0
   },
   "nl" : {
      "p11" : 1,
      "ave_score" : 456.5,
      "player" : "nl",
      "fia_total" : 25,
      "p4" : 0,
      "p3" : 0,
      "p1" : 1,
      "total" : 913,
      "p5" : 0,
      "p13" : 1,
      "p2" : 0,
      "ave_fia" : 12.5,
      "played" : 2,
      "p6" : 0
   },
   "karl" : {
      "ave_score" : 455,
      "player" : "karl",
      "fia_total" : 25,
      "p4" : 0,
      "p3" : 0,
      "total" : 1365,
      "p1" : 0,
      "p5" : 1,
      "p2" : 0,
      "played" : 3,
      "ave_fia" : 8.33333333333333,
      "p6" : 2
   },
   "iceman" : {
      "played" : 3,
      "ave_fia" : 6,
      "p6" : 0,
      "p2" : 0,
      "p3" : 0,
      "p4" : 1,
      "p7" : 1,
      "fia_total" : 18,
      "p5" : 0,
      "total" : 1309,
      "p1" : 0,
      "ave_score" : 436.333333333333,
      "p11" : 1,
      "player" : "iceman"
   },
   "winston" : {
      "p14" : 2,
      "player" : "winston",
      "ave_score" : 462,
      "p5" : 1,
      "total" : 462,
      "p1" : 0,
      "p3" : 0,
      "p4" : 0,
      "fia_total" : 9,
      "p2" : 0,
      "p6" : 0,
      "played" : 1,
      "ave_fia" : 9
   },
   "ggp1" : {
      "ave_fia" : 14.6666666666667,
      "played" : 3,
      "p6" : 0,
      "p2" : 1,
      "p10" : 1,
      "p3" : 0,
      "p4" : 0,
      "fia_total" : 44,
      "p5" : 0,
      "total" : 1362,
      "p1" : 1,
      "ave_score" : 454,
      "player" : "ggp1"
   },
   "joe" : {
      "ave_score" : 461.5,
      "player" : "joe",
      "p3" : 0,
      "p4" : 0,
      "fia_total" : 43,
      "p5" : 0,
      "total" : 923,
      "p1" : 1,
      "p2" : 1,
      "played" : 2,
      "ave_fia" : 21.5,
      "p12" : 1,
      "p6" : 0
   }
}
