{
   "ggp1" : {
      "played" : 5,
      "p2" : 1,
      "p3" : 0,
      "fia_total" : 65.5,
      "p1" : 1,
      "total" : 2142625202036,
      "p6" : 1,
      "ave_score" : 428525040407.2,
      "ave_fia" : 13.1,
      "player" : "ggp1",
      "p5" : 0,
      "p4" : 1,
      "p8" : 1
   },
   "joe" : {
      "played" : 3,
      "p3" : 0,
      "fia_total" : 37,
      "p2" : 0,
      "ave_score" : 107770683937,
      "ave_fia" : 12.3333333333333,
      "total" : 323312051811,
      "p1" : 1,
      "p6" : 0,
      "player" : "joe",
      "p12" : 2,
      "p11" : 1,
      "p5" : 0,
      "p4" : 1
   },
   "bill" : {
      "p10" : 2,
      "played" : 5,
      "ave_fia" : 5.1,
      "ave_score" : 268262674325.2,
      "total" : 1341313371626,
      "p1" : 0,
      "p9" : 1,
      "p6" : 0,
      "fia_total" : 25.5,
      "p3" : 0,
      "p2" : 1,
      "p5" : 0,
      "p7" : 1,
      "player" : "bill",
      "p4" : 0
   },
   "ray" : {
      "p13" : 3,
      "p4" : 0,
      "p5" : 0,
      "p11" : 1,
      "player" : "ray",
      "total" : 981616082004,
      "p1" : 1,
      "p6" : 0,
      "ave_fia" : 12.5,
      "ave_score" : 490808041002,
      "p2" : 0,
      "p3" : 0,
      "fia_total" : 25,
      "played" : 2
   },
   "leo" : {
      "p4" : 1,
      "p8" : 1,
      "player" : "leo",
      "p5" : 0,
      "fia_total" : 28,
      "p3" : 0,
      "p2" : 0,
      "ave_fia" : 5.6,
      "ave_score" : 272811480764.8,
      "p9" : 2,
      "p6" : 1,
      "total" : 1364057403824,
      "p1" : 0,
      "played" : 5
   },
   "pylade" : {
      "p4" : 0,
      "p8" : 1,
      "p14" : 1,
      "player" : "pylade",
      "p12" : 1,
      "p11" : 1,
      "p5" : 0,
      "fia_total" : 22,
      "p3" : 0,
      "p2" : 1,
      "ave_score" : 123768350434.667,
      "ave_fia" : 7.33333333333333,
      "p1" : 0,
      "total" : 371305051304,
      "p6" : 0,
      "played" : 3
   },
   "bware" : {
      "player" : "bware",
      "p7" : 1,
      "p5" : 1,
      "p4" : 0,
      "p8" : 1,
      "played" : 5,
      "fia_total" : 38.5,
      "p3" : 0,
      "p2" : 1,
      "ave_fia" : 7.7,
      "ave_score" : 426906056224.2,
      "p9" : 1,
      "p6" : 0,
      "total" : 2134530281121,
      "p1" : 0
   },
   "nl" : {
      "p4" : 0,
      "p13" : 2,
      "player" : "nl",
      "p11" : 1,
      "p5" : 0,
      "fia_total" : 27,
      "p3" : 0,
      "p2" : 0,
      "ave_fia" : 9,
      "ave_score" : 660269496597.667,
      "p1" : 1,
      "total" : 1980808489793,
      "p9" : 1,
      "p6" : 0,
      "played" : 3
   },
   "karl" : {
      "p4" : 0,
      "p5" : 0,
      "p7" : 1,
      "player" : "karl",
      "ave_fia" : 8,
      "ave_score" : 254428869202.4,
      "p6" : 1,
      "p1" : 1,
      "total" : 1272144346012,
      "p3" : 0,
      "fia_total" : 40,
      "p2" : 0,
      "p10" : 2,
      "played" : 5
   },
   "f1ung" : {
      "played" : 4,
      "p3" : 1,
      "fia_total" : 47,
      "p2" : 0,
      "ave_fia" : 11.75,
      "ave_score" : 363454055404.5,
      "p6" : 1,
      "p1" : 0,
      "total" : 1453816221618,
      "p12" : 1,
      "player" : "f1ung",
      "p5" : 0,
      "p4" : 2
   },
   "tlb" : {
      "p6" : 0,
      "p1" : 0,
      "total" : 647505491716,
      "ave_fia" : 9.6,
      "ave_score" : 129501098343.2,
      "p2" : 1,
      "fia_total" : 48,
      "p3" : 1,
      "p10" : 1,
      "played" : 5,
      "p4" : 0,
      "p5" : 1,
      "player" : "tlb",
      "p7" : 1
   },
   "winston" : {
      "played" : 1,
      "p6" : 1,
      "total" : 161696001604,
      "p1" : 0,
      "ave_score" : 161696001604,
      "ave_fia" : 7,
      "p2" : 0,
      "fia_total" : 7,
      "p3" : 0,
      "p5" : 0,
      "player" : "winston",
      "p14" : 4,
      "p4" : 0
   },
   "hobbes" : {
      "p4" : 0,
      "p5" : 1,
      "p12" : 1,
      "player" : "hobbes",
      "p6" : 0,
      "p1" : 0,
      "total" : 1344226132220,
      "ave_score" : 268845226444,
      "ave_fia" : 11.9,
      "p2" : 2,
      "fia_total" : 59.5,
      "p3" : 1,
      "played" : 5
   },
   "iceman" : {
      "ave_fia" : 7,
      "ave_score" : 235248076660.8,
      "total" : 1176240383304,
      "p1" : 0,
      "p6" : 0,
      "p3" : 0,
      "fia_total" : 35,
      "p2" : 0,
      "played" : 5,
      "p4" : 0,
      "p11" : 1,
      "p5" : 3,
      "p7" : 1,
      "player" : "iceman"
   }
}
