{
   "iceman" : {
      "ave_score" : 1,
      "p5" : 1,
      "p4" : 0,
      "played" : 5,
      "fia_total" : 35,
      "total" : 5,
      "p6" : 0,
      "ave_fia" : 7,
      "player" : "iceman",
      "p3" : 1,
      "p1" : 0,
      "p2" : 2,
      "p10" : 1
   },
   "ray" : {
      "played" : 2,
      "p4" : 0,
      "fia_total" : 15.5,
      "p6" : 0,
      "total" : 1,
      "ave_score" : 0.5,
      "p13" : 3,
      "p5" : 0,
      "p1" : 0,
      "p2" : 1,
      "p10" : 1,
      "ave_fia" : 7.75,
      "player" : "ray",
      "p3" : 0
   },
   "f1ung" : {
      "p3" : 1,
      "ave_fia" : 5.51785714285714,
      "p12" : 1,
      "player" : "f1ung",
      "p8" : 1,
      "p10" : 1,
      "p1" : 0,
      "p2" : 1,
      "p5" : 0,
      "ave_score" : 1,
      "p6" : 0,
      "total" : 4,
      "played" : 4,
      "p4" : 0,
      "fia_total" : 22.0714285714286
   },
   "hobbes" : {
      "p10" : 1,
      "p2" : 2,
      "p1" : 2,
      "p3" : 0,
      "player" : "hobbes",
      "ave_fia" : 14.452380952381,
      "p6" : 0,
      "total" : 8,
      "fia_total" : 72.2619047619048,
      "p4" : 0,
      "played" : 5,
      "p5" : 0,
      "ave_score" : 1.6
   },
   "pylade" : {
      "p5" : 1,
      "ave_score" : 1.66666666666667,
      "p14" : 1,
      "total" : 5,
      "p6" : 0,
      "p4" : 0,
      "played" : 3,
      "fia_total" : 39.8571428571429,
      "p3" : 0,
      "ave_fia" : 13.2857142857143,
      "player" : "pylade",
      "p12" : 1,
      "p1" : 1,
      "p2" : 1
   },
   "bill" : {
      "ave_score" : 1.4,
      "p5" : 1,
      "fia_total" : 49.5,
      "p4" : 0,
      "played" : 5,
      "total" : 7,
      "p6" : 0,
      "player" : "bill",
      "ave_fia" : 9.9,
      "p3" : 1,
      "p2" : 3,
      "p1" : 0
   },
   "karl" : {
      "p3" : 1,
      "ave_fia" : 9.31428571428571,
      "player" : "karl",
      "p8" : 1,
      "p1" : 1,
      "p2" : 0,
      "p5" : 2,
      "ave_score" : 1.2,
      "p6" : 0,
      "total" : 6,
      "played" : 5,
      "p4" : 0,
      "fia_total" : 46.5714285714286
   },
   "bware" : {
      "p5" : 1,
      "ave_score" : 1.2,
      "total" : 6,
      "p6" : 0,
      "p4" : 0,
      "played" : 5,
      "fia_total" : 43.4285714285714,
      "p3" : 0,
      "ave_fia" : 8.68571428571429,
      "player" : "bware",
      "p10" : 1,
      "p1" : 0,
      "p2" : 3
   },
   "ggp1" : {
      "p2" : 2,
      "p1" : 1,
      "player" : "ggp1",
      "ave_fia" : 11,
      "p3" : 0,
      "fia_total" : 55,
      "p4" : 0,
      "p9" : 1,
      "played" : 5,
      "total" : 7,
      "p6" : 0,
      "ave_score" : 1.4,
      "p5" : 1
   },
   "leo" : {
      "p3" : 1,
      "player" : "leo",
      "ave_fia" : 3.98095238095238,
      "p10" : 1,
      "p1" : 0,
      "p2" : 0,
      "p5" : 2,
      "ave_score" : 0.6,
      "p6" : 0,
      "total" : 3,
      "fia_total" : 19.9047619047619,
      "played" : 5,
      "p4" : 0,
      "p9" : 1
   },
   "nl" : {
      "p2" : 1,
      "p1" : 1,
      "ave_fia" : 12.5,
      "player" : "nl",
      "p3" : 0,
      "p4" : 0,
      "p9" : 1,
      "played" : 3,
      "fia_total" : 37.5,
      "p6" : 0,
      "total" : 7,
      "p13" : 2,
      "ave_score" : 2.33333333333333,
      "p5" : 0
   },
   "joe" : {
      "p2" : 0,
      "p1" : 0,
      "p10" : 1,
      "p12" : 2,
      "player" : "joe",
      "ave_fia" : 3.58730158730159,
      "p3" : 0,
      "fia_total" : 10.7619047619048,
      "played" : 3,
      "p4" : 0,
      "p6" : 0,
      "total" : 1,
      "ave_score" : 0.333333333333333,
      "p5" : 2
   },
   "winston" : {
      "played" : 1,
      "p4" : 0,
      "fia_total" : 8.14285714285714,
      "total" : 1,
      "p6" : 0,
      "ave_score" : 1,
      "p14" : 4,
      "p5" : 0,
      "p1" : 0,
      "p2" : 0,
      "ave_fia" : 8.14285714285714,
      "player" : "winston",
      "p3" : 1
   },
   "tlb" : {
      "ave_fia" : 9.9,
      "player" : "tlb",
      "p3" : 1,
      "p2" : 3,
      "p1" : 0,
      "ave_score" : 1.4,
      "p5" : 1,
      "played" : 5,
      "p4" : 0,
      "fia_total" : 49.5,
      "p6" : 0,
      "total" : 7
   }
}
