{
   "hobbes" : {
      "played" : 3,
      "p4" : 1,
      "total" : 19,
      "p2" : 0,
      "player" : "hobbes",
      "ave_score" : 6.33333333333333,
      "p10" : 1,
      "p1" : 1,
      "fia_total" : 33.8333333333333,
      "p6" : 0,
      "ave_fia" : 11.2777777777778,
      "p5" : 0,
      "p3" : 0
   },
   "bware" : {
      "player" : "bware",
      "p2" : 0,
      "total" : 6,
      "played" : 3,
      "p4" : 1,
      "ave_score" : 2,
      "p6" : 0,
      "fia_total" : 12.5,
      "p1" : 0,
      "p10" : 1,
      "p8" : 1,
      "ave_fia" : 4.16666666666667,
      "p3" : 0,
      "p5" : 0
   },
   "karl" : {
      "p9" : 1,
      "ave_fia" : 4.66666666666667,
      "p3" : 0,
      "p5" : 1,
      "p2" : 0,
      "player" : "karl",
      "total" : 7,
      "p7" : 1,
      "played" : 3,
      "p4" : 0,
      "ave_score" : 2.33333333333333,
      "p6" : 0,
      "fia_total" : 14,
      "p1" : 0
   },
   "ggp1" : {
      "ave_fia" : 11.1666666666667,
      "p5" : 0,
      "p3" : 0,
      "p8" : 1,
      "p1" : 1,
      "fia_total" : 33.5,
      "p6" : 0,
      "played" : 3,
      "p4" : 1,
      "total" : 13,
      "player" : "ggp1",
      "p2" : 0,
      "ave_score" : 4.33333333333333
   },
   "tlb" : {
      "ave_fia" : 13.5,
      "p5" : 1,
      "p3" : 0,
      "p1" : 0,
      "fia_total" : 40.5,
      "p6" : 0,
      "p4" : 0,
      "played" : 3,
      "total" : 30,
      "p2" : 2,
      "player" : "tlb",
      "ave_score" : 10
   },
   "leo" : {
      "ave_fia" : 7.94444444444445,
      "p3" : 1,
      "p5" : 1,
      "total" : 13,
      "p2" : 0,
      "player" : "leo",
      "p4" : 0,
      "played" : 3,
      "ave_score" : 4.33333333333333,
      "fia_total" : 23.8333333333333,
      "p6" : 0,
      "p10" : 1,
      "p1" : 0
   },
   "iceman" : {
      "p6" : 0,
      "fia_total" : 15.5,
      "p1" : 0,
      "p10" : 1,
      "p2" : 0,
      "player" : "iceman",
      "total" : 8,
      "played" : 3,
      "p4" : 1,
      "ave_score" : 2.66666666666667,
      "ave_fia" : 5.16666666666667,
      "p3" : 0,
      "p5" : 1
   },
   "nl" : {
      "ave_score" : 14.5,
      "total" : 29,
      "player" : "nl",
      "p2" : 0,
      "played" : 2,
      "p4" : 0,
      "fia_total" : 40,
      "p6" : 0,
      "p1" : 1,
      "p13" : 1,
      "p3" : 1,
      "p5" : 0,
      "ave_fia" : 20
   },
   "winston" : {
      "p14" : 2,
      "ave_fia" : 6,
      "p3" : 0,
      "p5" : 1,
      "total" : 3,
      "player" : "winston",
      "p2" : 0,
      "p4" : 0,
      "played" : 1,
      "ave_score" : 3,
      "fia_total" : 6,
      "p6" : 0,
      "p1" : 0
   },
   "bill" : {
      "ave_score" : 8,
      "played" : 3,
      "p4" : 1,
      "total" : 24,
      "p2" : 1,
      "player" : "bill",
      "p5" : 0,
      "p1" : 0,
      "fia_total" : 39,
      "p3" : 1,
      "p6" : 0,
      "ave_fia" : 13
   },
   "joe" : {
      "ave_score" : 1.5,
      "p4" : 0,
      "played" : 2,
      "total" : 3,
      "player" : "joe",
      "p2" : 0,
      "p10" : 1,
      "p1" : 0,
      "fia_total" : 8.33333333333333,
      "p6" : 1,
      "p5" : 0,
      "p3" : 0,
      "p12" : 1,
      "ave_fia" : 4.16666666666667
   },
   "ray" : {
      "ave_score" : 0,
      "played" : 1,
      "p4" : 0,
      "total" : 0,
      "player" : "ray",
      "p2" : 0,
      "p10" : 1,
      "p1" : 0,
      "fia_total" : 0.5,
      "p6" : 0,
      "p13" : 2,
      "p5" : 0,
      "p3" : 0,
      "ave_fia" : 0.5
   },
   "pylade" : {
      "p14" : 1,
      "ave_fia" : 25,
      "p12" : 1,
      "p3" : 0,
      "p5" : 0,
      "player" : "pylade",
      "p2" : 0,
      "total" : 14,
      "played" : 1,
      "p4" : 0,
      "ave_score" : 14,
      "p6" : 0,
      "fia_total" : 25,
      "p1" : 1
   },
   "f1ung" : {
      "p8" : 1,
      "ave_fia" : 3.5,
      "p5" : 1,
      "p3" : 0,
      "p4" : 0,
      "played" : 3,
      "total" : 6,
      "player" : "f1ung",
      "p2" : 0,
      "ave_score" : 2,
      "p10" : 1,
      "p1" : 0,
      "fia_total" : 10.5,
      "p6" : 0
   }
}
