{
   "iceman" : {
      "p6" : 0,
      "p1" : 0,
      "p4" : 0,
      "p5" : 1,
      "ave_score" : 1,
      "played" : 2,
      "player" : "iceman",
      "total" : 2,
      "p3" : 0,
      "fia_total" : 14.8571428571429,
      "ave_fia" : 7.42857142857143,
      "p2" : 1
   },
   "hobbes" : {
      "p1" : 1,
      "ave_score" : 2,
      "p5" : 0,
      "p4" : 0,
      "player" : "hobbes",
      "played" : 2,
      "ave_fia" : 17.7142857142857,
      "fia_total" : 35.4285714285714,
      "p3" : 0,
      "p6" : 0,
      "p2" : 1,
      "total" : 4
   },
   "bware" : {
      "p1" : 0,
      "p5" : 0,
      "ave_score" : 1.5,
      "p4" : 0,
      "player" : "bware",
      "played" : 2,
      "ave_fia" : 12.7142857142857,
      "fia_total" : 25.4285714285714,
      "p3" : 0,
      "p6" : 0,
      "p2" : 2,
      "total" : 3
   },
   "pylade" : {
      "ave_score" : 1,
      "p5" : 1,
      "p4" : 0,
      "p1" : 0,
      "p6" : 0,
      "p2" : 1,
      "ave_fia" : 7.42857142857143,
      "fia_total" : 14.8571428571429,
      "total" : 2,
      "p3" : 0,
      "player" : "pylade",
      "played" : 2
   },
   "ggp1" : {
      "p3" : 0,
      "fia_total" : 16,
      "ave_fia" : 8,
      "played" : 2,
      "player" : "ggp1",
      "p4" : 0,
      "ave_score" : 1,
      "p5" : 0,
      "p1" : 0,
      "total" : 2,
      "p2" : 1,
      "p6" : 0,
      "p9" : 1
   },
   "winston" : {
      "p1" : 0,
      "p14" : 2,
      "p4" : 0,
      "p5" : 0,
      "ave_score" : 0,
      "player" : "winston",
      "played" : 0,
      "ave_fia" : 0,
      "p3" : 0,
      "fia_total" : 0,
      "p6" : 0,
      "p2" : 0,
      "total" : 0
   },
   "tlb" : {
      "played" : 2,
      "player" : "tlb",
      "total" : 2,
      "p3" : 0,
      "fia_total" : 14.8571428571429,
      "ave_fia" : 7.42857142857143,
      "p2" : 1,
      "p6" : 0,
      "p1" : 0,
      "p4" : 0,
      "p5" : 1,
      "ave_score" : 1
   },
   "f1ung" : {
      "p1" : 0,
      "p4" : 0,
      "ave_score" : 2,
      "p5" : 0,
      "p12" : 1,
      "played" : 1,
      "player" : "f1ung",
      "p3" : 0,
      "fia_total" : 10.4285714285714,
      "ave_fia" : 10.4285714285714,
      "p6" : 0,
      "total" : 2,
      "p2" : 1
   },
   "karl" : {
      "played" : 2,
      "player" : "karl",
      "fia_total" : 29.4285714285714,
      "p3" : 0,
      "total" : 3,
      "p2" : 0,
      "ave_fia" : 14.7142857142857,
      "p6" : 0,
      "p1" : 1,
      "p5" : 1,
      "ave_score" : 1.5,
      "p4" : 0
   },
   "bill" : {
      "played" : 2,
      "player" : "bill",
      "fia_total" : 14.8571428571429,
      "total" : 2,
      "p3" : 0,
      "p2" : 1,
      "ave_fia" : 7.42857142857143,
      "p6" : 0,
      "p1" : 0,
      "ave_score" : 1,
      "p5" : 1,
      "p4" : 0
   },
   "ray" : {
      "p1" : 0,
      "ave_score" : 1,
      "p5" : 0,
      "p4" : 0,
      "player" : "ray",
      "played" : 1,
      "p13" : 1,
      "ave_fia" : 15,
      "fia_total" : 15,
      "p3" : 0,
      "p6" : 0,
      "p2" : 1,
      "total" : 1
   },
   "leo" : {
      "p6" : 0,
      "p9" : 1,
      "total" : 1,
      "p2" : 0,
      "p5" : 1,
      "ave_score" : 0.5,
      "p4" : 0,
      "p1" : 0,
      "fia_total" : 5.42857142857143,
      "p3" : 0,
      "ave_fia" : 2.71428571428571,
      "played" : 2,
      "player" : "leo"
   },
   "joe" : {
      "p2" : 0,
      "total" : 0,
      "p6" : 0,
      "player" : "joe",
      "played" : 1,
      "ave_fia" : 4.42857142857143,
      "fia_total" : 4.42857142857143,
      "p3" : 0,
      "p1" : 0,
      "p12" : 1,
      "p5" : 1,
      "ave_score" : 0,
      "p4" : 0
   },
   "nl" : {
      "p9" : 1,
      "p6" : 0,
      "p2" : 0,
      "total" : 1,
      "p1" : 0,
      "p5" : 0,
      "ave_score" : 1,
      "p4" : 0,
      "player" : "nl",
      "played" : 1,
      "p13" : 1,
      "ave_fia" : 1,
      "fia_total" : 1,
      "p3" : 0
   }
}
