{
   "nl" : {
      "p5" : 0,
      "player" : "nl",
      "ave_score" : 5100000051,
      "p13" : 1,
      "total" : 10200000102,
      "p4" : 0,
      "p6" : 1,
      "p1" : 1,
      "played" : 2,
      "p3" : 0,
      "p2" : 0,
      "ave_fia" : 16.5,
      "fia_total" : 33
   },
   "ggp1" : {
      "p3" : 1,
      "ave_fia" : 17.9444444444444,
      "p2" : 1,
      "played" : 3,
      "fia_total" : 53.8333333333333,
      "total" : 10102010000,
      "p1" : 1,
      "p6" : 0,
      "p4" : 0,
      "player" : "ggp1",
      "p5" : 0,
      "ave_score" : 3367336666.66667
   },
   "hobbes" : {
      "total" : 2010001,
      "p6" : 0,
      "p4" : 0,
      "p10" : 1,
      "p1" : 0,
      "ave_fia" : 9.5,
      "p3" : 0,
      "p2" : 1,
      "played" : 3,
      "fia_total" : 28.5,
      "player" : "hobbes",
      "p5" : 1,
      "ave_score" : 670000.333333333
   },
   "leo" : {
      "p9" : 2,
      "ave_score" : 3333.66666666667,
      "p5" : 0,
      "player" : "leo",
      "p1" : 0,
      "p6" : 0,
      "p4" : 0,
      "p10" : 1,
      "total" : 10001,
      "fia_total" : 4.5,
      "played" : 3,
      "p3" : 0,
      "ave_fia" : 1.5,
      "p2" : 0
   },
   "winston" : {
      "fia_total" : 10,
      "p3" : 0,
      "ave_fia" : 10,
      "p2" : 0,
      "played" : 1,
      "p1" : 0,
      "p4" : 1,
      "p6" : 0,
      "total" : 1000000,
      "p14" : 2,
      "ave_score" : 1000000,
      "player" : "winston",
      "p5" : 0
   },
   "karl" : {
      "p3" : 0,
      "p2" : 0,
      "ave_fia" : 9.33333333333333,
      "played" : 3,
      "fia_total" : 28,
      "p7" : 1,
      "total" : 201000000,
      "p1" : 0,
      "p4" : 2,
      "p6" : 0,
      "player" : "karl",
      "p5" : 0,
      "ave_score" : 67000000
   },
   "ray" : {
      "ave_fia" : 1,
      "p3" : 0,
      "p2" : 0,
      "played" : 1,
      "fia_total" : 1,
      "total" : 0,
      "p10" : 1,
      "p6" : 0,
      "p4" : 0,
      "p1" : 0,
      "player" : "ray",
      "p5" : 0,
      "p13" : 2,
      "ave_score" : 0
   },
   "pylade" : {
      "ave_score" : 101000001,
      "p14" : 1,
      "p5" : 0,
      "player" : "pylade",
      "p1" : 1,
      "p12" : 1,
      "p6" : 0,
      "p4" : 0,
      "total" : 101000001,
      "fia_total" : 25,
      "played" : 1,
      "p3" : 0,
      "p2" : 0,
      "ave_fia" : 25
   },
   "f1ung" : {
      "p6" : 0,
      "p4" : 1,
      "p10" : 1,
      "p1" : 0,
      "total" : 2000000,
      "fia_total" : 12.5,
      "played" : 3,
      "p2" : 0,
      "p3" : 0,
      "ave_fia" : 4.16666666666667,
      "ave_score" : 666666.666666667,
      "p9" : 1,
      "p5" : 0,
      "player" : "f1ung"
   },
   "bware" : {
      "p11" : 1,
      "ave_score" : 3367000000,
      "p5" : 0,
      "player" : "bware",
      "fia_total" : 28.8333333333333,
      "played" : 3,
      "ave_fia" : 9.61111111111111,
      "p2" : 1,
      "p3" : 1,
      "p1" : 0,
      "p6" : 0,
      "p4" : 0,
      "total" : 10101000000
   },
   "bill" : {
      "p8" : 1,
      "p4" : 0,
      "p6" : 0,
      "p1" : 0,
      "total" : 101010101,
      "fia_total" : 21.3333333333333,
      "p7" : 1,
      "p2" : 0,
      "ave_fia" : 7.11111111111111,
      "p3" : 1,
      "played" : 3,
      "ave_score" : 33670033.6666667,
      "player" : "bill",
      "p5" : 0
   },
   "iceman" : {
      "p5" : 0,
      "player" : "iceman",
      "ave_score" : 34000000,
      "played" : 3,
      "p3" : 0,
      "ave_fia" : 8.16666666666667,
      "p2" : 1,
      "p7" : 1,
      "fia_total" : 24.5,
      "total" : 102000000,
      "p1" : 0,
      "p10" : 1,
      "p6" : 0,
      "p4" : 0
   },
   "tlb" : {
      "p6" : 0,
      "p4" : 0,
      "p1" : 0,
      "p8" : 1,
      "total" : 2000102,
      "p7" : 1,
      "fia_total" : 24,
      "played" : 3,
      "p2" : 0,
      "ave_fia" : 8,
      "p3" : 1,
      "ave_score" : 666700.666666667,
      "p5" : 0,
      "player" : "tlb"
   },
   "joe" : {
      "p5" : 0,
      "player" : "joe",
      "ave_score" : 500000,
      "played" : 2,
      "p2" : 0,
      "p3" : 0,
      "ave_fia" : 4,
      "fia_total" : 8,
      "total" : 1000000,
      "p6" : 1,
      "p4" : 0,
      "p12" : 2,
      "p1" : 0
   }
}
